term,anger,disgust,fear,happiness,sadness,surprise
αβαφτιστος ,4.0,4.5,1.0,1.0,2.5,4.5
Χριστος ,4.5,3.75,4.25,4.0,4.0,4.5
α ,3.75,4.0,4.0,4.0,3.75,4.75
αβαπτιστος ,4.0,4.5,1.0,1.0,2.5,4.5
αβεβαιοτητα ,1.0,1.0,2.5,1.0,1.5,1.0
αγαμητος ,3.5,3.5,1.0,1.0,1.0,1.75
αγανακτηση ,5.0,3.5,1.25,1.0,1.5,1.5
αγανακτω ,5.0,3.5,1.25,1.0,1.5,1.5
αγαπη ,1.0,1.0,1.0,4.75,1.0,2.5
αγαπημενος ,1.0,1.0,1.0,4.75,1.0,2.75
αγαπημενη ,1.0,1.0,1.0,4.75,1.0,2.75
αγαπημενο ,1.0,1.0,1.0,4.75,1.0,2.75
αγαπητος ,1.0,1.0,1.0,4.75,1.25,2.75
αγαπητη ,1.0,1.0,1.0,4.75,1.25,2.75
αγαπητο ,1.0,1.0,1.0,4.75,1.25,2.75
αγαπω ,1.0,1.0,1.0,4.75,1.0,2.25
αγγελος ,1.0,1.0,2.33,4.67,1.0,3.33
αγελη ,4.0,3.67,3.67,1.0,2.33,1.67
αγευσια ,1.0,5.0,1.0,1.0,2.0,1.0
αγκουσευω ,2.0,1.75,3.0,1.0,3.5,1.0
αγνος ,1.0,1.0,1.0,4.25,1.0,2.25
αγνη ,1.0,1.0,1.0,4.25,1.0,2.25
αγνο ,1.0,1.0,1.0,4.25,1.0,2.25
αγορευω ,2.33,3.67,1.33,1.0,1.0,1.67
αγριεμα ,4.75,2.5,4.0,1.0,1.25,1.0
αγριευω ,4.75,2.5,4.0,1.0,1.25,1.0
αγροτοπατερας ,3.0,3.25,1.0,1.0,1.0,1.0
αγχος ,1.25,1.75,4.75,1.5,1.25,1.0
αγωνια ,1.0,1.0,4.25,2.5,2.25,1.25
αγωνιω ,1.0,1.0,4.25,2.5,2.25,1.25
αδειαζω ,2.5,2.25,1.0,1.25,2.0,1.75
αδειασμα ,2.25,2.25,1.0,1.25,2.0,1.25
αδειος ,2.0,2.0,1.0,1.0,3.0,1.0
αδεια ,2.0,2.0,1.0,1.0,3.0,1.0
αδειο ,2.0,2.0,1.0,1.0,3.0,1.0
αδελφατο ,2.5,2.75,1.25,1.5,1.0,1.0
αδελφη ,1.5,1.75,1.0,2.5,1.0,1.0
αδελφικος ,1.0,1.0,1.0,4.33,1.0,1.0
αδελφικη ,1.0,1.0,1.0,4.33,1.0,1.0
αδελφικο ,1.0,1.0,1.0,4.33,1.0,1.0
αδελφος ,1.0,1.0,1.0,3.0,1.0,1.5
αδελφοσυνη ,1.0,1.0,1.0,3.0,1.0,1.0
αδελφουλης ,1.0,1.0,1.0,3.5,1.0,2.5
αδερφος ,1.0,1.0,1.0,3.0,1.0,1.5
αδερφουλης ,1.0,1.0,1.0,3.5,1.0,2.5
αδιαθετος ,1.0,2.0,1.0,1.0,4.0,1.0
αδιαθετη ,1.0,2.0,1.0,1.0,4.0,1.0
αδιαθετο ,1.0,2.0,1.0,1.0,4.0,1.0
αδιαλυτος ,1.0,2.0,2.5,1.0,2.0,2.0
αδιαλυτη ,1.0,2.0,2.5,1.0,2.0,2.0
αδιαλυτο ,1.0,2.0,2.5,1.0,2.0,2.0
αδιαντροπος ,3.5,4.5,1.0,1.0,1.5,1.5
αδιαντροπη ,3.5,4.5,1.0,1.0,1.5,1.5
αδιαντροπο ,3.5,4.5,1.0,1.0,1.5,1.5
αδιαφορια ,3.0,2.25,1.0,1.0,2.25,1.5
αδολος ,1.0,1.0,1.0,3.0,1.0,1.67
αδολη ,1.0,1.0,1.0,3.0,1.0,1.67
αδολο ,1.0,1.0,1.0,3.0,1.0,1.67
αεροβατω ,2.0,1.67,1.0,1.0,1.33,2.67
αηδης ,2.75,5.0,1.25,1.0,1.75,2.25
αηδες ,2.75,5.0,1.25,1.0,1.75,2.25
αηδια ,2.5,5.0,1.0,1.0,1.5,2.25
αηδιαζω ,2.75,5.0,1.0,1.0,1.5,2.25
αθλος ,1.0,1.0,1.0,3.75,1.0,3.75
αιδημοσυνη ,2.5,2.75,2.75,1.0,1.0,2.25
αιδως ,3.25,3.5,2.5,1.0,1.0,2.5
αιμα ,3.33,3.0,3.33,1.0,1.67,3.0
αιρεσιαρχης ,4.0,4.0,2.5,1.0,1.0,1.0
αισθανομαι ,3.67,3.67,3.67,3.67,3.67,3.67
αισθαντικος ,1.0,1.0,1.0,2.5,1.25,2.25
αισθαντικη ,1.0,1.0,1.0,2.5,1.25,2.25
αισθαντικο ,1.0,1.0,1.0,2.5,1.25,2.25
αισθαντικοτητα ,1.0,1.0,1.0,2.5,1.25,2.25
αισθημα ,3.67,3.67,3.67,3.67,3.67,3.67
αισθηματιας ,1.0,2.0,1.0,2.75,1.25,1.5
αισθηματικος ,1.0,1.0,1.0,4.0,2.0,1.5
αισθηματικη ,1.0,1.0,1.0,4.0,2.0,1.5
αισθηματικο ,1.0,1.0,1.0,4.0,2.0,1.5
αισθηματικοτητα ,1.0,1.0,1.0,3.5,1.5,2.0
αισθηματισμος ,1.0,2.0,1.0,2.0,1.5,1.25
αισθηματολογια ,1.0,2.0,1.0,2.25,1.75,1.25
αισθηματολογος ,1.0,3.0,1.0,1.33,1.0,1.67
αισθηματολογα ,1.0,3.0,1.0,1.33,1.0,1.67
αισθηματολογο ,1.0,3.0,1.0,1.33,1.0,1.67
αισθηματολογω ,1.0,3.0,1.0,1.33,1.0,1.33
αισθηση ,2.0,2.25,2.25,2.25,2.25,3.0
αισθητηριος ,1.0,2.0,1.5,2.5,1.5,2.5
αισθητηρια ,1.0,2.0,1.5,2.5,1.5,2.5
αισθητηριο ,1.0,2.0,1.5,2.5,1.5,2.5
αισθητικος ,1.0,1.0,1.0,3.67,1.0,2.33
αισθητικη ,1.0,1.0,1.0,3.67,1.0,2.33
αισθητικο ,1.0,1.0,1.0,3.67,1.0,2.33
αιωνιος ,1.33,1.67,1.33,3.0,1.33,3.0
ακαλαισθησια ,1.75,3.0,1.0,1.0,1.5,1.75
ακαλαισθητος ,1.75,3.0,1.0,1.0,1.5,1.75
ακαλαισθητη ,1.75,3.0,1.0,1.0,1.5,1.75
ακαλαισθητο ,1.75,3.0,1.0,1.0,1.5,1.75
ακαλλιεργητος ,2.25,2.75,1.0,1.0,2.25,2.0
ακαλλιεργητη ,2.25,2.75,1.0,1.0,2.25,2.0
ακαλλιεργητο ,2.25,2.75,1.0,1.0,2.25,2.0
ακαπνος ,1.0,2.0,1.0,1.0,2.0,2.5
ακαρδος ,3.0,3.0,1.75,1.0,2.5,2.25
ακαρδη ,3.0,3.0,1.75,1.0,2.5,2.25
ακαρδο ,3.0,3.0,1.75,1.0,2.5,2.25
ακατασβεστος ,1.25,1.25,1.75,2.25,1.25,1.75
ακατασβεστη ,1.25,1.25,1.75,2.25,1.25,1.75
ακατασβεστο ,1.25,1.25,1.75,2.25,1.25,1.75
ακηδεμονευτος ,1.5,2.0,2.5,1.0,4.0,2.5
ακορεστος ,1.33,2.67,1.67,1.0,1.0,3.0
ακορεστη ,1.33,2.67,1.67,1.0,1.0,3.0
ακορεστο ,1.33,2.67,1.67,1.0,1.0,3.0
ακουραστος ,1.0,1.0,1.0,3.0,1.0,3.33
ακουραστη ,1.0,1.0,1.0,3.0,1.0,3.33
ακουραστο ,1.0,1.0,1.0,3.0,1.0,3.33
ακουστικος ,1.0,1.0,1.0,3.5,1.0,3.0
ακουστικη ,1.0,1.0,1.0,3.5,1.0,3.0
ακουστικο ,1.0,1.0,1.0,3.5,1.0,3.0
ακουω ,2.0,2.0,1.0,3.0,1.0,3.0
ακτινοβολος ,1.0,1.0,1.0,4.25,1.0,3.0
ακτινοβολα ,1.0,1.0,1.0,4.25,1.0,3.0
ακτινοβολο ,1.0,1.0,1.0,4.25,1.0,3.0
αλαλος ,1.5,1.25,2.25,1.75,2.0,4.75
αλαλη ,1.5,1.25,2.25,1.75,2.0,4.75
αλαλο ,1.5,1.25,2.25,1.75,2.0,4.75
αλεπου ,1.67,2.33,1.67,1.0,1.0,2.0
αλευρωνω ,3.0,3.0,1.0,1.0,1.0,3.0
αλητακι ,3.67,4.0,2.0,1.0,2.0,2.0
αλητακος ,3.67,4.0,2.0,1.0,2.0,2.0
αληταμπουρας ,3.5,4.25,2.0,1.0,1.75,2.0
αληταρας ,4.0,4.75,2.25,1.0,2.0,2.25
αληταριο ,4.0,4.75,2.0,1.0,2.0,2.5
αλητης ,4.33,4.67,2.33,1.0,2.33,2.33
αλητοπαρεα ,4.33,4.33,2.67,1.0,2.0,2.67
αλητοτουριστας ,2.75,3.75,2.0,1.0,1.75,1.75
αλιευω ,2.0,3.5,1.0,1.0,2.0,3.0
αλλαξοκωλια ,2.75,4.5,1.0,1.0,2.0,3.0
αλλαχ ,3.33,2.67,1.67,2.0,2.0,4.0
αλληθωριζω ,2.5,2.5,2.0,1.0,2.0,3.5
αλλοπιστος ,2.0,2.67,2.0,1.0,1.67,2.67
αλογα ,1.5,3.75,1.0,1.0,1.0,2.0
αλογικος ,2.67,2.67,1.0,1.0,1.67,2.0
αλογικη ,2.67,2.67,1.0,1.0,1.67,2.0
αλογικο ,2.67,2.67,1.0,1.0,1.67,2.0
αλογομουρης ,2.25,4.25,1.0,1.0,1.0,2.25
αλτρουιστικος ,1.0,1.0,1.0,3.67,1.0,2.67
αλτρουιστικη ,1.0,1.0,1.0,3.67,1.0,2.67
αλτρουιστικο ,1.0,1.0,1.0,3.67,1.0,2.67
αλυπητος ,1.5,1.75,2.0,1.0,2.75,2.0
αλυπητη ,1.5,1.75,2.0,1.0,2.75,2.0
αλυπητο ,1.5,1.75,2.0,1.0,2.75,2.0
αλυσιδα ,2.0,2.0,3.0,1.0,2.5,2.5
αλυτρωτος ,1.67,1.67,2.33,1.0,4.0,1.67
αμαν ,4.5,4.25,4.25,2.0,4.0,4.5
αμιμητος ,1.0,1.0,1.0,3.5,1.0,4.5
αμοιβαιος ,1.0,1.0,1.0,4.0,1.0,2.5
αμοιβαια ,1.0,1.0,1.0,4.0,1.0,2.5
αμοιβαιο ,1.0,1.0,1.0,4.0,1.0,2.5
αμοιβαιοτητα ,1.0,1.0,1.0,4.0,1.0,3.0
αμοιβη ,1.5,2.0,1.0,2.0,1.0,2.0
αμφιθυμια ,2.0,2.0,1.0,1.0,1.5,1.5
αναβω ,4.0,1.67,3.33,2.33,2.33,2.33
αναγαλλιαζω ,1.0,1.0,1.0,3.75,1.0,2.25
αναθεμα ,4.75,2.5,1.5,1.0,2.0,2.25
αναιδης ,4.0,3.67,1.67,1.0,2.0,3.0
αναιδες ,4.0,3.67,1.67,1.0,2.0,3.0
αναισθησια ,3.33,3.67,1.0,1.0,3.33,3.33
αναισθητος ,3.33,3.67,1.0,1.0,3.33,3.33
αναισθητη ,3.33,3.67,1.0,1.0,3.33,3.33
αναισθητο ,3.33,3.67,1.0,1.0,3.33,3.33
αναισχυντια ,2.75,3.25,1.0,1.0,2.0,3.0
αναισχυντος ,2.75,3.25,1.0,1.0,2.0,3.0
αναισχυντη ,2.75,3.25,1.0,1.0,2.0,3.0
αναισχυντο ,2.75,3.25,1.0,1.0,2.0,3.0
ανακατεμα ,2.25,4.5,2.25,1.0,2.75,2.0
ανακατευω ,3.0,4.33,2.67,1.0,2.33,2.33
ανακραζω ,3.5,3.5,3.5,2.5,3.0,3.75
αναλγησια ,2.33,3.0,2.33,1.0,2.33,2.33
αναλιγωνω ,2.0,3.0,1.0,1.0,1.5,1.0
αναμεικτος ,1.33,2.33,1.67,2.33,2.0,2.0
αναμεικτη ,1.33,2.33,1.67,2.33,2.0,2.0
αναμεικτο ,1.33,2.33,1.67,2.33,2.0,2.0
αναμμα ,4.0,1.67,3.0,2.33,1.0,2.0
αναπηδω ,3.0,1.33,4.33,2.33,1.33,4.67
αναπλαθω ,1.0,1.0,1.0,3.5,1.0,2.0
αναπλαση ,1.0,1.0,1.0,3.5,1.0,2.0
αναπτερωνω ,1.0,1.0,1.0,4.5,1.25,1.75
αναριγω ,2.5,1.75,4.25,1.0,2.5,1.75
αναρριπιζω ,2.0,2.0,2.0,3.75,2.0,1.75
ανασκιρτω ,2.0,1.25,3.75,3.75,2.5,3.25
αναστατος ,3.75,1.5,3.25,1.75,3.0,3.75
αναστατη ,3.75,1.5,3.25,1.75,3.0,3.75
αναστατο ,3.75,1.5,3.25,1.75,3.0,3.75
αναστατωνω ,3.75,1.5,3.25,1.75,3.0,4.0
αναστατωση ,3.75,1.5,3.25,1.75,3.0,4.0
αναστεναγμος ,1.5,1.0,1.75,2.0,4.5,1.75
ανασφαλεια ,1.5,1.0,4.0,1.0,2.5,1.5
ανατριχιαζω ,1.75,3.5,3.75,1.5,2.25,3.0
ανατριχιλα ,1.75,3.25,3.5,1.5,2.25,3.0
αναυδος ,2.0,2.25,3.75,1.5,2.25,5.0
αναυδη ,2.0,2.25,3.75,1.5,2.25,5.0
αναυδο ,2.0,2.25,3.75,1.5,2.25,5.0
ανδραγαθημα ,1.0,1.0,1.0,4.0,1.0,3.0
ανδρεικελο ,2.25,3.5,1.0,1.0,1.5,1.25
ανειλικρινης ,2.33,2.33,1.0,1.0,1.33,1.0
ανειλικρινες ,2.33,2.33,1.0,1.0,1.33,1.0
ανεκδηλωτος ,1.5,1.0,1.0,1.0,1.0,1.0
ανεκδηλωτη ,1.5,1.0,1.0,1.0,1.0,1.0
ανεκδηλωτο ,1.5,1.0,1.0,1.0,1.0,1.0
ανεκδιηγητος ,3.0,3.25,1.0,1.5,2.0,1.5
ανεκδοτολογια ,2.0,2.33,1.0,1.0,1.0,1.0
ανεκφραστος ,1.33,1.33,1.67,1.67,2.0,2.67
ανεκφραστη ,1.33,1.33,1.67,1.67,2.0,2.67
ανεκφραστο ,1.33,1.33,1.67,1.67,2.0,2.67
ανελεημονας ,2.5,2.5,1.75,1.0,2.5,1.25
ανελεητος ,3.0,2.75,1.75,1.0,2.5,1.25
ανελεητη ,3.0,2.75,1.75,1.0,2.5,1.25
ανελεητο ,3.0,2.75,1.75,1.0,2.5,1.25
ανεντροπιαστος ,2.75,2.75,1.0,1.0,2.0,1.75
ανεντροπιαστη ,2.75,2.75,1.0,1.0,2.0,1.75
ανεντροπιαστο ,2.75,2.75,1.0,1.0,2.0,1.75
ανεση ,1.0,1.33,1.0,3.33,1.0,2.67
ανευθυνολογω ,2.5,2.25,1.0,1.0,1.0,1.0
ανευθυνος ,2.5,2.75,1.25,1.0,2.25,1.0
ανευθυνη ,2.5,2.75,1.25,1.0,2.25,1.0
ανευθυνο ,2.5,2.75,1.25,1.0,2.25,1.0
ανθρωπακι ,3.0,3.25,1.0,1.5,1.75,1.0
ανθρωπακος ,3.0,3.25,1.0,1.5,1.75,1.0
ανθρωπια ,1.0,1.0,1.0,3.25,1.0,1.75
ανθρωπινος ,1.0,1.0,1.0,3.33,1.0,2.33
ανθρωπινη ,1.0,1.0,1.0,3.33,1.0,2.33
ανθρωπινο ,1.0,1.0,1.0,3.33,1.0,2.33
ανθρωπος ,1.0,1.0,1.0,3.5,1.0,4.0
ανθρωποφοβια ,1.25,2.0,4.25,1.0,1.5,1.5
ανια ,1.5,1.0,1.0,1.0,2.5,1.0
ανικανοποιητος ,1.67,1.33,1.0,1.33,2.33,1.0
ανικανοποιητη ,1.67,1.33,1.0,1.33,2.33,1.0
ανικανοποιητο ,1.67,1.33,1.0,1.33,2.33,1.0
ανοθευτος ,1.0,1.0,1.0,3.0,1.0,3.5
ανοθευτη ,1.0,1.0,1.0,3.0,1.0,3.5
ανοθευτο ,1.0,1.0,1.0,3.0,1.0,3.5
ανοια ,2.0,2.33,1.0,1.0,2.67,1.0
ανορθωνω ,1.0,1.0,1.0,4.0,1.0,1.0
ανοστος ,1.25,2.75,1.0,1.0,2.0,1.5
ανοστη ,1.25,2.75,1.0,1.0,2.0,1.5
ανοστο ,1.25,2.75,1.0,1.0,2.0,1.5
ανταποκρινομαι ,1.0,1.0,1.0,4.0,1.0,4.0
αντες ,4.33,3.33,1.0,1.67,1.67,2.33
αντιαμερικανικος ,3.0,2.0,1.0,1.0,1.0,1.0
αντιαμερικανικη ,3.0,2.0,1.0,1.0,1.0,1.0
αντιαμερικανικο ,3.0,2.0,1.0,1.0,1.0,1.0
αντιγραφεας ,3.0,3.0,1.0,1.0,1.0,2.0
αντιπαθεια ,3.5,3.5,1.0,1.0,1.25,1.0
αντιπαθω ,3.5,3.5,1.0,1.0,1.25,1.0
αντισημιτικος ,4.5,3.0,1.5,1.0,1.0,1.0
αντισημιτικη ,4.5,3.0,1.5,1.0,1.0,1.0
αντισημιτικο ,4.5,3.0,1.5,1.0,1.0,1.0
αντιστεκομαι ,2.0,1.67,2.0,1.67,1.33,1.0
αντιχριστος ,4.25,2.75,2.5,1.0,1.0,1.25
ανυποκριτος ,1.33,1.33,1.0,2.33,1.0,1.67
ανυποκριτη ,1.33,1.33,1.0,2.33,1.0,1.67
ανυποκριτο ,1.33,1.33,1.0,2.33,1.0,1.67
ανυπομονησια ,1.5,1.0,1.0,3.25,1.0,1.75
ανυπομονω ,1.5,1.0,1.0,3.25,1.0,1.5
ανωριμος ,2.0,2.5,1.0,1.0,1.5,1.0
ανωριμη ,2.0,2.5,1.0,1.0,1.5,1.0
ανωριμο ,2.0,2.5,1.0,1.0,1.5,1.0
ανωτερος ,1.0,1.0,1.0,3.0,1.0,2.0
ανωτερη ,1.0,1.0,1.0,3.0,1.0,2.0
ανωτερο ,1.0,1.0,1.0,3.0,1.0,2.0
ανωτεροτητα ,1.0,1.0,1.0,2.75,1.0,1.25
αξια ,1.0,1.0,1.0,3.0,1.0,3.0
αξιολατρευτος ,1.0,1.0,1.0,4.0,1.0,2.75
αξιολατρευτη ,1.0,1.0,1.0,4.0,1.0,2.75
αξιολατρευτο ,1.0,1.0,1.0,4.0,1.0,2.75
αοριστος ,2.0,1.0,1.0,1.0,1.0,1.0
αοριστη ,2.0,1.0,1.0,1.0,1.0,1.0
αοριστο ,2.0,1.0,1.0,1.0,1.0,1.0
απαγγελλω ,1.0,1.0,1.0,2.0,1.0,1.0
απαισιος ,3.0,4.0,1.25,1.0,1.75,1.5
απαισια ,3.0,4.0,1.25,1.0,1.75,1.5
απαισιο ,3.0,4.0,1.25,1.0,1.75,1.5
απαλυνω ,1.0,1.0,1.0,2.33,1.33,1.33
απανθρωπια ,3.25,2.75,1.5,1.0,3.0,1.5
απανθρωποποιηση ,3.0,2.67,2.0,1.0,2.67,1.67
απανθρωπος ,3.25,3.0,1.75,1.0,2.75,1.5
απανθρωπη ,3.25,3.0,1.75,1.0,2.75,1.5
απανθρωπο ,3.25,3.0,1.75,1.0,2.75,1.5
απαξαπαντες ,2.5,1.5,1.0,1.5,1.5,2.0
απελπισια ,2.75,1.75,1.75,1.0,3.5,2.0
απελπισμενος ,2.75,1.75,1.75,1.0,3.5,1.75
απελπισμενη ,2.75,1.75,1.75,1.0,3.5,1.75
απελπισμενο ,2.75,1.75,1.75,1.0,3.5,1.75
απεριγραπτος ,3.33,2.33,1.0,2.33,2.67,2.67
απεριγραπτη ,3.33,2.33,1.0,2.33,2.67,2.67
απεριγραπτο ,3.33,2.33,1.0,2.33,2.67,2.67
απεχθανομαι ,3.0,4.25,1.0,1.0,1.5,1.0
απεχθεια ,3.0,4.25,1.0,1.0,1.5,1.25
απηδηχτος ,3.5,3.25,1.0,1.0,1.5,2.0
απλος ,1.0,1.0,1.0,1.0,1.0,1.0
απλη ,1.0,1.0,1.0,1.0,1.0,1.0
απλο ,1.0,1.0,1.0,1.0,1.0,1.0
απογοητευση ,1.75,2.25,1.0,1.0,4.0,1.5
απογοητευω ,1.5,2.0,1.0,1.0,4.0,1.5
αποδοκιμασια ,3.25,2.75,1.0,1.0,2.25,1.25
αποδω ,3.33,2.33,1.0,1.0,1.33,1.33
αποζητω ,1.0,1.0,1.0,2.33,2.67,1.33
αποζουρλαινω ,2.25,2.25,1.0,2.25,1.5,2.0
απολαυση ,1.0,1.0,1.0,4.5,1.0,2.0
απολειφαδι ,2.25,3.75,1.0,1.0,1.0,1.0
αποναρκωση ,2.5,2.0,1.0,1.0,2.0,1.0
απονος ,2.0,1.5,1.5,1.0,2.5,1.25
απονη ,2.0,1.5,1.5,1.0,2.5,1.25
απονο ,2.0,1.5,1.5,1.0,2.5,1.25
αποπνεω ,1.0,1.67,1.67,2.33,2.33,1.0
απορφανιζω ,3.0,2.33,2.0,1.0,3.33,1.33
αποσβολωνω ,1.75,2.0,2.75,1.75,1.75,4.75
αποσκατα ,3.5,4.75,1.0,1.0,2.5,1.25
αποστασιοποιουμαι ,2.5,1.0,1.0,1.0,1.0,1.0
αποστερηση ,2.0,1.0,1.33,1.0,2.0,1.0
αποστρεφομαι ,2.5,4.25,1.25,1.0,1.75,1.0
αποστροφη ,2.5,4.25,1.25,1.0,1.75,1.0
αποτροπιασμος ,2.0,5.0,1.25,1.0,1.75,1.0
αποτυφλωνω ,2.5,2.5,2.0,1.0,2.0,1.5
αποφορτιζω ,1.0,1.0,1.0,1.67,1.0,1.0
αποφορτιση ,1.0,1.0,1.0,1.67,1.0,1.0
αποχαιρετισμος ,1.0,1.0,1.0,1.25,2.25,1.0
αποχωρισμος ,1.0,1.0,1.25,1.25,3.0,1.0
απροικιστος ,2.0,2.33,1.0,1.0,2.0,1.67
απυθμενος ,2.67,2.0,1.0,1.0,1.67,1.67
απυθμενη ,2.67,2.0,1.0,1.0,1.67,1.67
απυθμενο ,2.67,2.0,1.0,1.0,1.67,1.67
απωθηση ,2.33,3.67,1.0,1.0,1.33,1.0
απωθω ,2.33,3.67,1.0,1.0,1.33,1.0
αραμπας ,2.0,3.0,1.0,1.0,1.0,1.0
αραπακλας ,2.75,3.5,1.75,1.0,1.25,1.75
αραπης ,2.5,3.25,2.0,1.0,1.0,1.25
αραπια ,3.33,3.33,1.67,1.0,1.67,1.33
αρβανιτης ,3.0,3.0,1.67,1.0,1.0,1.0
αρβανιτικος ,3.0,3.0,1.67,1.0,1.0,1.0
αρβυλα ,1.67,2.0,1.0,1.0,1.0,2.33
αρειμανιος ,3.0,1.5,1.25,1.0,1.0,1.75
αρεσκομαι ,1.0,1.0,1.0,3.5,1.0,2.25
αρεσω ,1.0,1.0,1.0,4.5,1.0,3.0
αριστοκρατης ,1.5,2.5,1.0,1.0,1.0,2.0
αριστοκρατια ,1.5,2.5,1.0,1.0,1.0,2.0
αριστοκρατισσα ,1.5,2.5,1.0,1.0,1.0,2.0
αρμονια ,1.0,1.0,1.0,3.75,1.0,2.25
αρναουτης ,3.0,3.0,1.67,1.0,1.0,1.0
αρναουτικος ,3.0,3.0,1.67,1.0,1.0,1.0
αρρωστημενος ,2.75,4.0,2.25,1.0,1.75,1.5
αρρωστος ,2.25,3.5,2.25,1.0,1.75,1.5
αρρωστοφαγια ,2.33,3.33,2.67,1.0,1.67,1.67
αρχαιος ,3.0,3.0,1.0,1.0,1.0,2.0
αρχιδατος ,1.0,1.0,1.25,2.75,1.0,2.5
αρχιδι ,4.75,4.75,1.5,1.0,1.25,2.5
αρχικλεφταρος ,3.5,4.0,1.25,1.0,1.25,2.5
αρχικλεφτης ,3.5,4.0,1.25,1.0,1.25,2.25
αρχιμασονος ,3.33,3.0,2.33,1.0,1.67,2.33
αρχιμαφιοζος ,3.25,3.25,2.25,1.0,1.25,2.25
αρχιτεκτονας ,1.0,1.0,1.0,3.0,1.0,2.0
αρχιτεμπελα ,3.0,3.25,1.0,1.0,1.0,1.5
αρχιτεμπελης ,3.0,3.25,1.0,1.0,1.0,1.5
αρχιψευτης ,3.25,3.5,1.25,1.0,1.0,1.75
αρχιψευτρα ,3.25,3.5,1.25,1.0,1.0,1.75
αρχομανης ,2.5,2.75,1.25,1.0,1.0,1.5
αρχοντανθρωπος ,1.0,1.0,1.0,2.5,1.0,2.5
ασακια ,1.0,1.0,1.33,3.67,1.67,3.67
ασβεστος ,1.67,1.0,2.0,1.67,1.67,1.0
ασβεστη ,1.67,1.0,2.0,1.67,1.67,1.0
ασβεστο ,1.67,1.0,2.0,1.67,1.67,1.0
ασεμνος ,2.0,3.0,1.0,1.0,1.0,1.0
ασεμνη ,2.0,3.0,1.0,1.0,1.0,1.0
ασεμνο ,2.0,3.0,1.0,1.0,1.0,1.0
ασιγαστος ,1.67,1.0,1.0,1.0,1.0,1.33
ασιγαστη ,1.67,1.0,1.0,1.0,1.0,1.33
ασιγαστο ,1.67,1.0,1.0,1.0,1.0,1.33
ασκερι ,2.0,2.67,2.33,1.0,1.0,2.0
ασμα ,1.33,2.67,1.0,2.33,1.0,2.0
ασος ,1.0,1.0,1.0,3.5,1.5,2.5
ασπιδα ,1.0,1.5,2.0,1.5,1.0,1.0
ασπονδος ,3.67,3.0,1.33,1.0,1.67,1.67
ασπονδυλος ,3.0,3.0,2.0,1.0,1.0,1.0
ασπροπροσωπος ,1.0,1.0,1.0,3.0,1.5,3.0
ασπροπροσωπη ,1.0,1.0,1.0,3.0,1.5,3.0
ασπροπροσωπο ,1.0,1.0,1.0,3.0,1.5,3.0
ασπρουλιαρης ,2.0,3.67,1.33,1.0,1.33,2.0
ασσακια ,1.0,1.0,1.33,3.67,1.67,3.67
ασσος ,1.0,1.0,1.0,3.5,1.5,2.5
ασταθεια ,1.33,1.33,2.33,1.0,1.33,1.0
αστατος ,1.67,1.67,2.33,1.0,1.0,1.33
αστατη ,1.67,1.67,2.33,1.0,1.0,1.33
αστατο ,1.67,1.67,2.33,1.0,1.0,1.33
αστοιχειωτος ,2.5,3.0,1.0,1.0,1.25,1.25
αστοργος ,2.33,3.33,1.33,1.0,2.67,1.33
αστοργη ,2.33,3.33,1.33,1.0,2.67,1.33
αστοργο ,2.33,3.33,1.33,1.0,2.67,1.33
αστραφτω ,2.33,1.0,1.0,5.0,1.0,4.33
ασυγκρατητος ,1.67,1.67,1.33,2.0,1.0,2.33
ασυγκρατητη ,1.67,1.67,1.33,2.0,1.0,2.33
ασυγκρατητο ,1.67,1.67,1.33,2.0,1.0,2.33
ασυναισθητος ,1.5,1.75,1.0,1.0,2.0,1.5
ασυναισθητη ,1.5,1.75,1.0,1.0,2.0,1.5
ασυναισθητο ,1.5,1.75,1.0,1.0,2.0,1.5
ασυνδετος ,2.0,1.5,1.0,1.0,1.0,1.0
ασυνδετη ,2.0,1.5,1.0,1.0,1.0,1.0
ασυνδετο ,2.0,1.5,1.0,1.0,1.0,1.0
ασφαλεια ,1.0,1.0,1.0,3.0,1.0,2.0
ασφαλης ,1.0,1.0,1.0,3.0,1.0,2.0
ασφαλες ,1.0,1.0,1.0,3.0,1.0,2.0
ασφαλιτης ,3.0,2.75,2.25,1.0,1.0,1.0
ασφυκτικος ,1.75,2.0,2.5,1.0,1.75,1.25
ασφυκτικη ,1.75,2.0,2.5,1.0,1.75,1.25
ασφυκτικο ,1.75,2.0,2.5,1.0,1.75,1.25
ασφυκτιω ,1.75,2.0,2.5,1.0,1.75,1.25
ασφυξια ,1.67,2.0,2.67,1.0,2.0,1.67
ασχημος ,1.25,3.75,1.0,1.0,1.5,1.5
ασχημη ,1.25,3.75,1.0,1.0,1.5,1.5
ασχημο ,1.25,3.75,1.0,1.0,1.5,1.5
αταραχος ,1.5,1.5,1.0,1.25,1.0,2.0
αταραχη ,1.5,1.5,1.0,1.25,1.0,2.0
αταραχο ,1.5,1.5,1.0,1.25,1.0,2.0
ατεγκτος ,2.0,2.25,1.5,1.0,1.5,2.0
ατεγκτη ,2.0,2.25,1.5,1.0,1.5,2.0
ατεγκτο ,2.0,2.25,1.5,1.0,1.5,2.0
ατρομητος ,1.25,1.0,1.0,2.5,1.0,2.25
ατρομητη ,1.25,1.0,1.0,2.5,1.0,2.25
ατρομητο ,1.25,1.0,1.0,2.5,1.0,2.25
ατρομος ,1.33,1.0,1.0,2.67,1.0,2.67
ατρομη ,1.33,1.0,1.0,2.67,1.0,2.67
ατρομο ,1.33,1.0,1.0,2.67,1.0,2.67
αυθαδομουτρο ,3.5,3.0,1.0,1.0,1.0,1.75
αυλη ,2.67,3.0,1.0,1.0,1.33,1.67
αυριανισμος ,2.5,3.25,1.25,1.0,1.25,1.5
αυταπατη ,2.0,1.0,1.33,1.0,1.67,2.0
αυτη ,1.0,1.0,1.0,1.0,1.0,1.0
αυτοικανοποιηση ,1.67,2.67,1.0,1.67,1.0,2.33
αυτοικανοποιουμαι ,1.67,3.0,1.0,1.33,1.0,2.33
αυτοκυριαρχια ,1.0,1.0,1.0,2.67,1.0,2.33
αυτοκυριαρχουμαι ,1.0,1.0,1.0,2.67,1.0,2.33
αυτος ,1.0,1.0,1.0,1.0,1.0,1.0
αυτοσεβασμος ,1.0,1.0,1.0,2.67,1.0,2.67
αυτοσυγκρατηση ,1.0,1.0,1.0,2.67,1.0,2.67
αυτοσυγκρατουμαι ,1.67,1.67,1.0,3.33,1.0,3.67
αυτοσυναισθημα ,1.67,1.33,1.33,1.67,1.33,1.33
αυτοτελεια ,1.0,1.0,1.0,3.0,1.0,1.5
αφαιρω ,2.33,1.67,1.33,1.0,1.67,1.33
αφεντια ,1.67,2.33,1.0,1.67,1.0,1.67
αφηνιαζω ,4.0,2.5,1.5,1.0,1.25,2.5
αφιλανθρωπια ,1.67,2.67,1.33,1.0,3.0,2.0
αφιλανθρωπος ,2.0,2.67,1.33,1.0,3.0,2.0
αφιλανθρωπη ,2.0,2.67,1.33,1.0,3.0,2.0
αφιλανθρωπο ,2.0,2.67,1.33,1.0,3.0,2.0
αφιονιζω ,4.33,2.67,2.67,1.33,1.67,2.67
αφοβος ,1.67,1.0,1.0,1.0,1.0,2.0
αφοβη ,1.67,1.0,1.0,1.0,1.0,2.0
αφοβο ,1.67,1.0,1.0,1.0,1.0,2.0
αφοσιωση ,1.0,1.0,1.0,2.75,1.0,2.25
αφυπνιζω ,1.0,1.0,1.0,1.67,1.0,2.33
αφυπνιση ,1.0,1.0,1.0,1.67,1.0,2.33
αφωνος ,1.5,1.5,2.25,2.0,1.75,5.0
αφωνη ,1.5,1.5,2.25,2.0,1.75,5.0
αφωνο ,1.5,1.5,2.25,2.0,1.75,5.0
αχ ,2.5,2.5,2.75,2.75,3.5,4.25
αχαριστος ,2.5,2.75,1.0,1.0,1.25,1.5
αχαριστη ,2.5,2.75,1.0,1.0,1.25,1.5
αχαριστο ,2.5,2.75,1.0,1.0,1.25,1.5
αχορταγος ,2.25,2.75,1.0,1.0,1.0,1.75
αχορταγη ,2.25,2.75,1.0,1.0,1.0,1.75
αχορταγο ,2.25,2.75,1.0,1.0,1.0,1.75
αχυρανθρωπος ,2.75,3.25,1.0,1.0,1.0,1.25
αψιθυμια ,3.25,2.0,1.5,1.5,1.5,2.25
βαθυς ,1.5,2.0,1.0,1.5,2.0,2.5
βαθυ ,1.5,2.0,1.0,1.5,2.0,2.5
βαθια ,1.5,2.0,1.0,1.5,2.0,2.5
βαλκανιος ,3.0,3.0,2.0,1.0,1.0,1.5
βαραινω ,1.75,1.75,1.0,1.0,2.25,1.75
βαρελα ,3.33,3.33,1.0,1.0,1.0,1.33
βαρελακι ,3.33,3.33,1.0,1.0,1.0,1.33
βαρελι ,4.0,3.5,1.0,1.0,1.0,1.5
βαριεμαι ,1.0,2.5,1.0,1.0,1.5,1.5
βαριεστημαρα ,1.0,2.5,1.0,1.0,1.5,1.5
βαριεστημενος ,1.0,2.5,1.0,1.0,1.5,1.5
βαριεστημενη ,1.0,2.5,1.0,1.0,1.5,1.5
βαριεστημενο ,1.0,2.5,1.0,1.0,1.5,1.5
βαριεστω ,1.0,2.5,1.0,1.0,1.5,1.5
βαρος ,1.75,2.5,1.0,1.0,2.25,1.5
βαρυμαγκας ,2.67,3.67,1.33,1.0,1.0,1.67
βαρυπενθουν ,1.5,1.75,1.25,1.0,4.5,1.25
βαρυπενθουσα ,1.5,1.75,1.25,1.0,4.5,1.25
βαρυπενθων ,1.5,1.75,1.25,1.0,4.5,1.25
βαρυς ,1.25,2.25,1.0,1.0,3.25,1.25
βαρυ ,1.25,2.25,1.0,1.0,3.25,1.25
βαρια ,1.25,2.25,1.0,1.0,3.25,1.25
βαρυστομαχια ,1.0,2.75,1.0,1.0,1.75,1.25
βαρυστομαχιαζω ,1.0,2.75,1.0,1.0,1.75,1.25
βαφτιστικος ,1.0,1.0,1.0,3.5,1.0,2.0
βδελυγμια ,2.0,4.0,1.0,1.0,1.75,1.0
βλακεια ,3.33,4.0,1.0,1.0,1.67,2.0
βλαμμενος ,3.75,3.5,1.0,1.0,1.5,1.75
βλαχακι ,3.67,4.0,1.0,1.0,1.0,1.67
βλαχαρα ,3.25,3.5,1.0,1.0,1.0,1.5
βλαχια ,3.25,3.5,1.0,1.0,1.0,1.5
βλαχοδημαρχος ,3.25,3.5,1.0,1.0,1.0,1.5
βλαχος ,3.25,3.0,1.0,1.0,1.0,1.5
βοιδαμαξα ,2.33,2.67,1.33,1.0,1.0,1.67
βολευω ,1.67,1.33,1.0,1.33,1.0,1.67
βουιζω ,2.0,2.33,1.67,1.0,1.33,2.33
βουτυρομπεμπες ,1.75,3.0,1.0,1.0,1.0,1.75
βουτυροπαιδο ,2.0,3.0,1.0,1.0,1.0,1.75
βρε ,2.5,2.5,1.0,2.0,1.5,3.5
βρομοπαιδο ,3.25,3.75,1.0,1.0,1.25,2.0
βρομοποδαρας ,3.0,4.0,1.0,1.0,1.0,1.75
βρομοποδαρος ,3.0,4.0,1.0,1.0,1.0,1.75
βρομοσκυλο ,3.25,4.0,1.75,1.0,1.0,2.0
βρομοχερο ,2.67,3.67,1.0,1.0,1.33,1.33
βρωμοπαιδο ,3.5,3.75,1.25,1.0,1.0,2.0
βρωμοποδαρας ,3.0,4.0,1.0,1.0,1.0,1.75
βρωμοποδαρος ,3.0,4.0,1.0,1.0,1.0,1.75
βρωμοχερο ,3.25,4.0,2.0,1.0,1.0,1.5
γαβγιζω ,3.0,2.67,2.33,1.0,1.0,2.0
γαβγισμα ,2.67,2.67,2.33,1.0,1.0,2.0
γαιδουροκαβαλαρια ,1.33,2.33,1.0,1.0,1.0,2.0
γαμαω ,4.5,3.0,1.75,2.25,2.25,3.5
γαμησι ,4.5,3.0,1.0,1.5,1.5,2.75
γαμησιατικα ,4.5,3.25,1.0,1.0,1.75,2.5
γαμιας ,3.25,3.25,1.0,2.0,1.25,2.25
γαμιεμαι ,4.75,3.5,1.75,1.75,1.75,3.5
γαμιολης ,4.75,4.0,1.0,1.0,1.0,2.25
γαμπρος ,2.5,2.5,1.0,2.0,1.0,1.5
γαμπρουλης ,1.0,1.0,1.0,3.33,1.0,2.67
γαμω ,4.75,3.25,1.75,2.5,2.0,3.75
γαμωτη ,4.25,3.25,1.75,1.75,2.0,4.0
γαμωτο ,4.25,3.25,1.75,1.75,2.0,4.0
γαργαλω ,1.0,1.0,1.0,4.5,1.0,4.0
γατακι ,1.5,1.75,1.0,1.25,1.0,1.75
γειτσες ,1.0,1.0,1.0,4.0,1.0,4.0
γελιο ,1.0,1.5,1.0,5.0,1.0,3.0
γεμιζω ,1.0,1.0,1.0,5.0,1.0,1.0
γενναιοφρονας ,1.0,1.0,1.0,3.0,1.0,2.33
γενναιοφρων ,1.0,1.0,1.0,3.0,1.0,2.33
γενναιοφρον ,1.0,1.0,1.0,3.0,1.0,2.33
γερακος ,1.0,1.25,1.0,2.75,1.0,1.75
γερμανοτσολιας ,3.75,3.5,2.0,1.0,1.0,1.25
γερομπαμπαλης ,3.25,3.5,1.25,1.0,1.0,1.5
γεροντοκορος ,2.5,2.75,1.0,1.0,1.0,1.75
γεροξεκουτης ,2.75,3.0,1.25,1.0,1.0,1.5
γεροξουρας ,2.75,3.25,1.25,1.0,1.0,1.5
γεροπαραλυμενος ,2.25,3.0,1.25,1.0,1.0,1.75
γερος ,3.0,2.5,1.5,1.0,1.0,2.0
γεροτραγος ,3.75,3.25,1.25,1.0,1.0,1.75
γερουσια ,1.67,2.0,1.33,1.0,1.0,2.0
γευομαι ,1.0,1.0,1.0,4.0,1.0,3.0
γευση ,1.0,1.5,1.0,3.0,1.0,3.0
γευστικος ,1.0,1.0,1.0,3.75,1.0,2.5
γευστικη ,1.0,1.0,1.0,3.75,1.0,2.5
γευστικο ,1.0,1.0,1.0,3.75,1.0,2.5
γηροκομειο ,1.0,2.33,1.67,1.0,1.67,1.33
γιαλαντζι ,2.67,2.67,1.0,1.0,1.0,2.67
γιανκης ,2.0,2.0,1.0,1.0,1.0,1.5
γιατακι ,1.0,1.0,1.0,3.0,1.0,2.0
γιατροσοφι ,1.0,2.33,1.33,1.0,1.0,2.0
γιοκας ,1.5,2.25,1.0,1.75,1.0,1.5
γιουφτακος ,2.5,3.0,1.5,1.0,1.0,1.5
γιουφτος ,2.75,3.25,2.0,1.0,1.0,1.75
γκαβακας ,2.5,2.75,1.25,1.0,1.25,1.75
γκαβος ,2.0,2.5,1.25,1.0,1.0,1.75
γκαβωμαρα ,2.5,2.5,1.25,1.0,1.0,1.75
γκαβωνω ,3.0,3.0,1.67,1.0,1.0,2.0
γκαμα ,1.0,1.0,1.0,3.0,1.0,3.5
γκαμηλα ,2.25,2.75,1.0,1.0,1.0,1.75
γκαυλα ,1.0,1.0,1.0,3.75,1.0,2.75
γκεσταπιτης ,3.33,3.0,2.33,1.0,1.0,2.0
γκιαουρης ,2.75,2.5,1.5,1.0,1.0,1.5
γκιοσα ,3.5,2.75,1.5,1.0,1.0,1.75
γκλαβα ,2.33,2.67,1.0,1.67,1.0,2.0
γκομενακιας ,2.33,3.0,1.0,1.67,1.0,2.0
γκομενιλικι ,2.33,3.0,1.0,1.0,1.0,1.67
γκρανγκινιολ ,1.5,1.5,2.5,2.0,1.0,2.5
γκρανκασα ,1.5,2.75,1.0,1.0,1.0,2.0
γλαστρα ,2.0,2.75,1.0,1.5,1.0,1.5
γλειφτης ,3.5,3.75,1.0,1.0,1.25,2.25
γλειφτρα ,3.5,3.75,1.0,1.0,1.25,2.25
γλειφω ,3.5,3.75,1.0,1.0,1.25,2.25
γλεντι ,1.0,1.33,1.0,3.67,1.0,3.0
γλυκα ,1.0,1.0,1.0,3.75,1.0,2.5
γλυκερος ,1.25,2.25,1.0,1.5,1.25,1.5
γλυκερη ,1.25,2.25,1.0,1.5,1.25,1.5
γλυκερο ,1.25,2.25,1.0,1.5,1.25,1.5
γλυκος ,1.0,1.0,1.0,3.75,1.0,2.0
γλυκια ,1.0,1.0,1.0,3.75,1.0,2.0
γλυκο ,1.0,1.0,1.0,3.75,1.0,2.0
γλυκυτητα ,1.0,1.0,1.0,3.75,1.0,2.0
γνησιοτητα ,1.0,1.0,1.0,3.0,1.0,3.0
γομαρι ,2.25,3.25,1.25,1.0,1.0,2.0
γραφιας ,1.67,2.67,1.0,1.0,1.0,1.67
γραφικος ,2.0,3.25,1.0,2.0,1.0,1.75
γραφικοτητα ,1.75,3.0,1.0,1.75,1.0,1.75
γριουλα ,1.0,1.25,1.0,2.75,1.5,2.25
γυαλακιας ,2.0,2.67,1.0,1.0,1.0,1.67
γυμνια ,1.67,3.0,1.0,1.0,1.33,2.0
γυριστρα ,2.33,2.67,1.0,1.0,1.0,2.0
γυροφερνω ,2.0,2.5,1.5,1.0,1.0,2.5
γυφτακι ,2.25,3.25,1.25,1.0,1.0,1.75
γυφτακος ,2.25,3.25,1.25,1.0,1.0,1.75
γυφταριο ,2.75,3.25,1.75,1.0,1.0,1.75
γυφταρος ,2.75,3.75,1.75,1.0,1.0,1.75
γυφτια ,2.5,3.25,1.75,1.0,1.0,1.75
γυφτος ,2.75,3.5,1.75,1.0,1.0,1.75
γωνιτσα ,1.0,1.0,1.0,3.0,1.0,1.5
δαμαζω ,1.0,1.0,1.0,1.5,1.0,1.5
δαυτος ,2.0,3.0,1.25,1.0,1.0,1.75
δειγμα ,2.0,1.5,1.5,2.0,1.0,2.5
δειγματολογιο ,1.0,1.0,1.0,1.0,1.0,2.0
δειλος ,2.67,2.67,2.33,1.0,1.33,1.67
δειλη ,2.67,2.67,2.33,1.0,1.33,1.67
δειλο ,2.67,2.67,2.33,1.0,1.33,1.67
δεος ,1.0,1.5,3.25,3.25,1.0,3.0
δεσιμο ,2.0,1.0,1.0,3.0,1.0,3.0
δεσμωτης ,1.75,1.75,2.75,1.0,2.25,1.5
διαβολος ,3.0,3.0,3.25,1.0,1.75,3.0
διαθεση ,1.0,1.5,1.0,2.25,1.25,1.75
διαισθανομαι ,1.0,1.0,2.67,1.33,1.67,2.0
διαισθηση ,1.0,1.0,2.33,1.33,1.67,2.0
διαισθητικος ,1.0,1.0,2.5,1.0,1.5,2.0
διαισθητικη ,1.0,1.0,2.5,1.0,1.5,2.0
διαισθητικο ,1.0,1.0,2.5,1.0,1.5,2.0
διαισθητικοτητα ,1.0,1.0,2.5,1.0,1.5,2.0
διακαης ,1.5,1.0,1.25,1.25,1.5,1.5
διακαες ,1.5,1.0,1.25,1.25,1.5,1.5
διακατεχω ,1.0,2.0,2.0,2.5,1.0,2.0
διακονευω ,1.33,2.33,1.0,1.0,2.0,1.67
διακονια ,2.0,2.25,1.0,1.0,1.75,1.5
διαμαντικο ,1.33,1.67,1.0,1.33,1.0,2.33
διανθιζω ,1.0,1.0,1.0,3.0,1.0,2.0
διαπνεω ,1.0,1.0,1.0,2.67,1.0,2.0
διασκεδαζω ,1.0,1.0,1.0,4.5,1.0,2.75
διασπειρω ,1.67,2.33,2.67,1.67,1.33,2.0
διαστρεφω ,2.33,3.0,1.0,1.0,1.0,1.67
διαστροφη ,2.0,2.5,1.25,1.0,1.0,2.0
διατεθειμενος ,1.0,1.0,2.0,2.0,1.0,2.0
διατεθειμενη ,1.0,1.0,2.0,2.0,1.0,2.0
διατεθειμενο ,1.0,1.0,2.0,2.0,1.0,2.0
διαφημιστης ,2.0,2.0,1.0,1.0,1.0,2.0
διαφημιστικος ,2.0,2.0,1.0,1.0,1.0,2.0
διαχυτικος ,1.0,1.0,1.0,3.75,1.0,2.5
διαχυτικη ,1.0,1.0,1.0,3.75,1.0,2.5
διαχυτικο ,1.0,1.0,1.0,3.75,1.0,2.5
διεγειρω ,2.0,1.5,1.75,3.0,1.25,2.0
διεγερση ,2.0,1.5,1.75,3.0,1.25,2.25
διευθυντηριο ,1.5,2.0,1.0,1.0,1.0,2.5
δικολαβος ,1.67,3.0,1.33,1.0,1.0,1.67
διοπτροφορος ,1.5,3.0,1.0,1.0,1.5,2.0
διοχετευω ,1.0,1.67,1.0,1.0,1.0,1.67
διπλαρωμα ,1.75,2.5,1.0,1.0,1.0,1.75
διπλαρωνω ,1.75,2.75,1.0,1.0,1.0,1.75
διπλωματης ,1.5,2.0,1.0,1.0,1.0,3.0
διπλωματικος ,1.0,2.0,1.0,1.0,1.0,3.0
διψα ,1.25,2.0,1.0,2.5,1.5,1.75
διψαλεος ,1.75,2.5,1.0,2.0,1.5,1.75
διψω ,1.25,2.0,1.0,2.5,1.5,1.75
δογμα ,2.0,2.5,1.0,1.0,1.0,2.5
δογματικος ,2.0,3.0,1.5,1.0,1.0,2.5
δοκησισοφια ,2.25,3.25,1.25,1.0,1.0,1.75
δοκησισοφος ,2.25,3.25,1.25,1.0,1.0,1.75
δολιος ,2.25,2.5,2.0,1.25,1.0,1.75
δονκιχοτικος ,2.33,2.67,1.33,1.0,1.0,2.0
δονκιχοτισμος ,2.33,2.67,1.33,1.0,1.0,2.0
δονκιχωτικος ,2.33,2.67,1.33,1.0,1.0,2.0
δορυφορος ,2.0,3.0,1.0,1.0,1.0,2.0
δοσοληψια ,2.0,3.0,1.0,1.0,1.0,2.5
δοτος ,2.0,3.0,1.0,1.0,1.0,2.5
δουλα ,3.33,3.67,1.0,1.0,1.33,2.33
δουλακι ,2.75,3.25,1.0,1.0,1.0,1.75
δουλι ,3.0,3.25,1.0,1.0,1.0,1.75
δουλικο ,2.75,3.25,1.0,1.0,1.0,1.75
δουλος ,2.67,3.67,1.0,1.0,1.33,2.0
δραπετευω ,1.0,2.5,2.5,1.0,1.0,2.5
δραστης ,2.5,2.5,3.0,1.0,1.0,2.0
δροσερος ,1.0,1.0,1.0,3.0,1.0,2.0
δροσερη ,1.0,1.0,1.0,3.0,1.0,2.0
δροσερο ,1.0,1.0,1.0,3.0,1.0,2.0
δροσιζω ,1.0,1.0,1.0,3.33,1.0,2.33
δροσιστικος ,1.0,1.0,1.0,3.33,1.0,2.33
δροσιστικη ,1.0,1.0,1.0,3.33,1.0,2.33
δροσιστικο ,1.0,1.0,1.0,3.33,1.0,2.33
δυνατος ,1.0,1.0,1.33,2.0,1.0,3.0
δυνατη ,1.0,1.0,1.33,2.0,1.0,3.0
δυνατο ,1.0,1.0,1.33,2.0,1.0,3.0
δυσαισθησια ,1.0,1.67,1.0,1.0,2.0,1.67
δυσαρεσκεια ,1.75,3.0,1.25,1.0,2.75,2.0
δυσθυμια ,1.5,3.0,1.25,1.0,3.25,1.5
δυσπεπτος ,1.33,3.0,1.0,1.0,1.33,1.33
δυσφορια ,1.5,3.0,1.25,1.0,3.0,1.5
δυσφορω ,1.75,3.0,1.25,1.0,3.0,1.25
δωμα ,1.0,2.5,1.0,1.0,2.0,2.0
ε ,3.0,2.5,1.75,1.75,1.75,3.5
εβραικος ,2.67,2.67,2.0,1.0,1.0,1.67
εβραιος ,2.67,2.67,2.33,1.0,1.0,1.67
εγκαρδιος ,1.0,1.0,1.0,4.0,1.0,2.75
εγκαρδια ,1.0,1.0,1.0,4.0,1.0,2.75
εγκαρδιο ,1.0,1.0,1.0,4.0,1.0,2.75
εγκεφαλικος ,2.5,2.5,1.5,1.0,1.5,3.0
εγκεφαλικη ,2.5,2.5,1.5,1.0,1.5,3.0
εγκεφαλικο ,2.5,2.5,1.5,1.0,1.5,3.0
εγκεφαλος ,2.0,2.5,2.5,1.5,1.0,3.0
εγω ,1.0,1.0,1.0,1.0,1.0,1.0
εγωισταρος ,3.0,3.25,1.25,1.0,1.0,2.25
εγωιστης ,2.67,3.33,1.33,1.0,1.0,2.0
εδεησα ,2.25,1.75,1.0,1.0,1.0,3.25
εθελοντης ,1.0,1.0,1.0,3.0,1.0,3.0
εθελοντικος ,1.0,1.0,1.0,3.0,1.0,3.0
εθελοντικη ,1.0,1.0,1.0,3.0,1.0,3.0
εθελοντικο ,1.0,1.0,1.0,3.0,1.0,3.0
εθνοσωτηρας ,2.33,3.33,1.0,1.67,1.0,2.0
ειδεχθης ,2.5,4.5,1.5,1.0,1.0,2.25
ειδεχθες ,2.5,4.5,1.5,1.0,1.0,2.25
ειδυλλιο ,1.0,2.33,1.0,2.67,1.0,2.0
ειλικρινεια ,1.0,1.0,1.0,3.33,1.0,3.33
ειλικρινης ,1.0,1.0,1.0,2.67,1.0,3.0
ειλικρινες ,1.0,1.0,1.0,2.67,1.0,3.0
ειρωνας ,2.0,3.0,1.0,1.33,1.33,2.33
ειρωνεια ,2.33,3.0,1.0,1.0,1.33,2.33
ειρωνευομαι ,2.33,3.0,1.0,1.0,1.33,2.33
εκατοχρονιτικος ,1.67,2.67,1.0,1.0,1.0,2.67
εκδηλωνω ,1.67,2.33,2.33,3.0,1.67,2.67
εκδηλωτικος ,1.0,1.33,1.33,3.0,1.0,2.67
εκδηλωτικη ,1.0,1.33,1.33,3.0,1.0,2.67
εκδηλωτικο ,1.0,1.33,1.33,3.0,1.0,2.67
εκδραμω ,1.0,1.67,1.0,3.0,1.0,2.67
εκθαμβος ,1.0,1.0,1.0,3.75,1.0,5.0
εκκολαπτω ,2.0,2.5,1.0,1.0,1.0,2.5
εκλεκτος ,1.0,1.0,1.0,2.5,1.0,2.0
εκλεκτη ,1.0,1.0,1.0,2.5,1.0,2.0
εκλεκτο ,1.0,1.0,1.0,2.5,1.0,2.0
εκλιπων ,1.0,1.33,1.33,1.0,4.33,1.67
εκλιπουσα ,1.0,1.33,1.33,1.0,4.33,1.67
εκλιπον ,1.0,1.33,1.33,1.0,4.33,1.67
εκλογικευω ,1.0,2.0,2.0,2.0,1.0,1.0
εκπληκτος ,1.25,1.25,2.25,2.25,1.75,5.0
εκπληκτη ,1.25,1.25,2.25,2.25,1.75,5.0
εκπληκτο ,1.25,1.25,2.25,2.25,1.75,5.0
εκπληξη ,1.25,1.25,1.75,2.5,1.5,5.0
εκπλησσω ,1.25,1.25,1.75,2.5,1.5,5.0
εκρηγνυμαι ,4.75,2.25,1.75,1.5,1.25,3.5
εκρηξη ,4.75,2.25,1.75,1.5,1.25,3.5
εκτεθειμενος ,1.75,2.0,2.75,1.0,1.5,2.25
εκτεθειμενη ,1.75,2.0,2.75,1.0,1.5,2.25
εκτεθειμενο ,1.75,2.0,2.75,1.0,1.5,2.25
εκτελω ,2.67,2.0,2.33,1.0,1.33,1.67
εκτονωνω ,3.0,1.67,2.0,1.0,1.33,1.67
εκφραζω ,2.0,2.0,2.0,3.0,2.33,2.67
εκφραση ,2.0,2.0,2.0,3.0,2.33,2.67
εκφραστικος ,1.0,1.0,1.0,3.0,1.0,2.33
εκφραστικη ,1.0,1.0,1.0,3.0,1.0,2.33
εκφραστικο ,1.0,1.0,1.0,3.0,1.0,2.33
ελεγεια ,1.0,1.0,1.33,2.0,2.0,2.33
ελεημοσυνη ,1.5,2.25,1.5,1.0,1.75,1.5
ελεος ,3.0,3.25,1.5,1.0,1.75,2.75
ελεφαντας ,3.0,3.0,1.5,1.0,1.0,3.5
ελεω ,1.0,2.0,1.33,1.0,1.0,2.0
ελιτ ,1.0,2.0,1.0,1.0,1.0,2.33
εμβροντητος ,2.25,2.0,1.75,1.5,2.0,5.0
εμβροντητη ,2.25,2.0,1.75,1.5,2.0,5.0
εμβροντητο ,2.25,2.0,1.75,1.5,2.0,5.0
εμετικος ,3.25,4.5,1.0,1.0,1.0,1.75
εμετικη ,3.25,4.5,1.0,1.0,1.0,1.75
εμετικο ,3.25,4.5,1.0,1.0,1.0,1.75
εμετολογια ,3.25,4.5,1.0,1.0,1.0,1.75
εμετος ,3.25,4.5,1.0,1.0,1.0,1.75
εμπαθεια ,4.0,3.0,1.25,1.0,1.0,1.5
εμπαθης ,3.5,3.25,1.25,1.0,1.0,1.5
εμπαθες ,3.5,3.25,1.25,1.0,1.0,1.5
εμπιστοσυνη ,1.0,1.0,1.0,2.75,1.0,2.0
εμπλεος ,1.0,1.0,1.67,4.33,1.0,3.0
εμπλεο ,1.0,1.0,1.67,4.33,1.0,3.0
εμπνεω ,1.0,1.0,1.5,4.0,1.0,4.0
εμποτιζω ,1.33,1.0,1.33,2.33,1.0,2.67
εμφορουμαι ,1.0,1.0,1.0,3.0,1.0,2.33
εμφυσω ,1.0,1.0,1.0,3.0,1.0,3.0
εναργεια ,1.0,1.0,1.0,2.67,1.0,2.67
ενδοστρεφεια ,1.5,1.5,1.5,1.0,1.25,1.5
ενθερμος ,1.0,1.0,1.0,3.33,1.0,2.67
ενθερμη ,1.0,1.0,1.0,3.33,1.0,2.67
ενθερμο ,1.0,1.0,1.0,3.33,1.0,2.67
ενθουσιασμος ,1.0,1.0,1.0,4.75,1.0,3.0
ενθυλακωνω ,2.0,2.33,1.0,1.0,1.0,1.67
ενιοτε ,1.0,1.0,1.0,1.0,1.0,2.0
ενοχη ,1.5,2.25,1.5,1.0,1.75,1.75
ενοχλημα ,1.5,2.75,1.25,1.0,1.75,1.0
ενοχληση ,1.5,2.75,1.25,1.0,1.75,1.25
ενοχλω ,1.75,2.75,1.25,1.0,1.75,1.25
ενσπειρω ,2.0,2.0,1.0,1.0,1.0,1.5
ενσταλαζω ,2.0,2.0,1.0,2.0,1.0,1.0
ενσυναισθημα ,1.0,1.0,1.0,3.0,1.0,2.33
ενταση ,3.25,1.5,1.5,1.0,1.0,2.0
εντιμος ,1.0,1.0,1.0,3.33,1.0,3.0
εντιμη ,1.0,1.0,1.0,3.33,1.0,3.0
εντιμο ,1.0,1.0,1.0,3.33,1.0,3.0
εντονος ,2.67,2.0,2.0,1.67,1.67,2.0
εντονη ,2.67,2.0,2.0,1.67,1.67,2.0
εντονο ,2.67,2.0,2.0,1.67,1.67,2.0
εντυπωση ,1.0,1.33,1.33,2.67,1.33,4.0
εξαλειψη ,1.0,1.0,1.0,1.0,1.0,2.5
εξαλλος ,4.5,2.5,1.75,2.0,1.5,3.25
εξαλλη ,4.5,2.5,1.75,2.0,1.5,3.25
εξαλλο ,4.5,2.5,1.75,2.0,1.5,3.25
εξαργυρωνω ,1.0,2.0,1.0,1.0,1.0,2.0
εξαρση ,2.67,2.0,1.67,1.0,1.0,3.33
εξαρτηση ,1.67,2.0,1.0,1.0,1.33,1.67
εξαψη ,2.75,1.5,1.5,2.0,1.0,2.25
εξηνταβελονης ,1.5,3.25,1.0,1.0,1.0,2.0
εξουθενωνω ,1.5,2.25,1.25,1.0,1.25,2.0
εξυπνακιας ,1.75,3.0,1.0,1.0,1.0,2.0
εξυπνακιστικος ,2.25,3.0,1.0,1.0,1.0,2.0
εξυπνος ,2.33,2.33,1.0,1.33,1.0,2.67
εξυπνουλης ,2.33,2.67,1.0,1.0,1.0,2.33
εξυπνουλικα ,2.33,2.67,1.0,1.0,1.0,2.33
εξυπνουτσικος ,2.33,2.33,1.0,1.0,1.0,2.33
εξω ,4.0,4.0,2.0,1.0,1.0,2.0
εξωστρεφεια ,1.0,1.0,1.0,2.67,1.0,2.67
εξωτερικευση ,1.0,1.0,1.0,2.67,1.0,2.33
εξωτερικευω ,1.0,1.0,1.0,2.67,1.0,2.33
επαγγελματιας ,1.0,1.0,1.0,3.0,1.0,4.0
επεισοδιακος ,2.33,1.33,2.0,1.0,1.67,3.33
επεισοδιακη ,2.33,1.33,2.0,1.0,1.67,3.33
επεισοδιακο ,2.33,1.33,2.0,1.0,1.67,3.33
επηρεαζω ,1.67,1.67,1.0,1.0,1.33,2.0
επιβητορας ,3.0,3.0,1.0,1.0,1.0,2.0
επιγνωση ,1.0,1.0,1.0,3.5,1.0,3.5
επιδερμικος ,2.0,3.0,1.0,1.0,1.0,2.5
επιδερμικη ,2.0,3.0,1.0,1.0,1.0,2.5
επιδερμικο ,2.0,3.0,1.0,1.0,1.0,2.5
επιδρομεας ,2.5,1.5,3.0,1.0,1.0,3.0
επιδρω ,1.67,1.67,1.33,1.33,1.67,1.67
επιθετικοτητα ,3.0,1.5,2.5,1.0,1.25,2.25
επιθυμω ,1.0,1.0,1.0,3.0,1.0,1.5
επικοινωνω ,1.0,1.0,1.0,3.0,1.0,2.5
επιλεκτικος ,1.0,1.0,1.0,1.67,1.0,1.67
επιπολαιος ,2.0,2.67,1.33,1.0,1.0,2.33
επιπολαιη ,2.0,2.67,1.33,1.0,1.0,2.33
επιπολαιο ,2.0,2.67,1.33,1.0,1.0,2.33
επιφυλακτικος ,1.0,1.67,2.67,1.0,1.33,2.0
επιφυλακτικη ,1.0,1.67,2.67,1.0,1.33,2.0
επιφυλακτικο ,1.0,1.67,2.67,1.0,1.33,2.0
επιφωνημα ,1.0,1.0,3.0,2.67,1.67,3.33
εποχουμενος ,1.0,2.5,1.0,1.0,1.0,2.5
επωδυνος ,1.25,1.75,2.5,1.0,3.5,1.75
επωδυνη ,1.25,1.75,2.5,1.0,3.5,1.75
επωδυνο ,1.25,1.75,2.5,1.0,3.5,1.75
εραστης ,1.5,2.5,1.0,1.0,1.0,2.5
εργατοπατερας ,1.75,2.5,1.0,1.0,1.0,1.5
ερεθισμα ,1.0,1.0,1.0,1.0,1.0,1.0
ερεθισμος ,1.0,1.75,1.0,1.0,1.5,1.75
ερημος ,1.0,1.75,2.5,1.0,2.5,1.75
εριφης ,2.75,2.75,1.25,1.0,1.0,1.75
ερμος ,1.25,1.75,1.75,1.0,3.0,1.75
ερπετο ,3.0,4.0,2.5,1.0,1.0,2.5
ερωτας ,1.0,1.0,1.0,4.25,1.0,2.25
ερωτευομαι ,1.0,1.0,1.0,4.25,1.0,2.5
ερωτικος ,1.0,1.0,1.0,4.25,1.0,2.25
ερωτικη ,1.0,1.0,1.0,4.25,1.0,2.25
ερωτικο ,1.0,1.0,1.0,4.25,1.0,2.25
εσωστρεφεια ,1.0,1.0,1.67,1.0,1.67,2.0
εσωψυχος ,1.0,1.0,1.33,1.67,1.67,2.0
εσωψυχη ,1.0,1.0,1.33,1.67,1.67,2.0
εσωψυχο ,1.0,1.0,1.33,1.67,1.67,2.0
ετεροκλητος ,1.0,2.0,1.0,1.0,1.0,2.0
ετοιματζιδικος ,1.67,2.67,1.0,1.0,1.0,2.33
ευαισθησια ,1.0,1.5,1.25,1.75,2.25,1.75
ευαισθητοποιω ,1.0,1.0,1.25,2.5,1.75,2.25
ευαισθητος ,1.0,1.25,1.25,2.25,2.25,2.0
ευαισθητη ,1.0,1.25,1.25,2.25,2.25,2.0
ευαισθητο ,1.0,1.25,1.25,2.25,2.25,2.0
ευαρεσκεια ,1.0,1.0,1.0,4.25,1.0,2.25
ευαρεστουμαι ,1.0,1.0,1.0,4.25,1.0,2.25
ευγενεια ,1.0,1.0,1.0,3.33,1.0,3.0
ευγενης ,1.0,1.0,1.0,3.67,1.0,3.0
ευγενες ,1.0,1.0,1.0,3.5,1.0,2.5
ευγενικος ,1.0,1.0,1.0,3.67,1.0,3.33
ευγενικη ,1.0,1.0,1.0,3.67,1.0,3.33
ευγενικια ,1.0,1.0,1.0,3.67,1.0,3.33
ευγενικο ,1.0,1.0,1.0,3.67,1.0,3.33
ευγνωμονας ,1.0,1.0,1.0,4.0,1.0,3.0
ευγνωμονω ,1.0,1.0,1.0,4.33,1.0,3.0
ευγνωμων ,1.0,1.0,1.0,4.33,1.0,3.67
ευγνωμον ,1.0,1.0,1.0,4.33,1.0,3.67
ευδοκιμω ,1.0,1.0,1.0,2.67,1.0,2.33
ευδοκω ,1.0,1.0,1.0,2.5,1.0,1.75
ευεξια ,1.0,1.0,1.0,4.25,1.0,2.75
ευηχος ,1.0,1.0,1.0,4.0,1.0,2.5
ευηχη ,1.0,1.0,1.0,4.0,1.0,2.5
ευηχο ,1.0,1.0,1.0,4.0,1.0,2.5
ευκαιριακος ,2.0,3.0,1.0,1.0,1.5,3.0
ευκολια ,1.33,1.67,1.0,1.33,1.0,2.67
ευκολος ,1.33,1.67,1.0,1.33,1.0,2.67
ευκολη ,1.0,1.5,1.0,1.5,1.0,2.5
ευκολο ,1.0,1.5,1.0,1.5,1.0,2.5
ευλαβης ,1.0,1.0,1.0,3.0,1.0,2.25
ευλαβες ,1.0,1.0,1.0,3.0,1.0,2.25
ευλογω ,1.0,1.0,1.0,3.0,1.0,2.67
ευνουχιζω ,2.0,2.25,2.5,1.0,1.75,2.25
ευνουχισμος ,2.0,2.25,2.5,1.0,1.75,2.25
ευνουχος ,2.25,2.5,2.0,1.0,1.75,2.25
ευοσμια ,1.0,1.0,1.0,3.5,1.0,2.0
ευοσμος ,1.0,1.0,1.0,3.25,1.0,2.25
ευσεβης ,1.0,1.0,1.0,3.25,1.0,2.0
ευσεβες ,1.0,1.0,1.0,3.25,1.0,2.0
ευσημο ,1.0,1.0,1.0,4.0,1.0,3.33
ευσπλαχνιζομαι ,1.0,1.0,1.0,2.5,2.25,2.0
ευτραπελος ,1.5,2.25,1.25,1.5,1.25,2.75
ευτυχισμενος ,1.0,1.0,1.0,4.5,1.0,2.75
ευτυχισμενη ,1.0,1.0,1.0,4.5,1.0,2.75
ευτυχισμενο ,1.0,1.0,1.0,4.5,1.0,2.75
ευφορια ,1.0,1.0,1.0,4.5,1.0,2.75
ευφροσυνη ,1.0,1.0,1.0,4.25,1.0,2.25
ευφυια ,1.0,1.0,1.0,3.5,1.0,5.0
ευφωνια ,1.0,1.0,1.0,3.25,1.0,2.5
ευχαρις ,1.0,2.0,1.0,3.0,1.0,2.0
ευχαριστηση ,1.0,1.0,1.0,4.5,1.0,2.25
ευχαριστος ,1.0,1.0,1.0,4.5,1.0,2.25
ευχαριστη ,1.0,1.0,1.0,4.67,1.0,2.0
ευχαριστο ,1.0,1.0,1.0,4.67,1.0,2.0
ευωδια ,1.0,1.0,1.0,4.0,1.0,2.25
εφετζιδικος ,2.0,2.33,1.0,1.33,1.0,2.33
εφευρετικος ,1.0,1.0,1.0,2.67,1.0,3.0
εφιαλτης ,1.5,2.0,4.25,1.0,2.0,2.75
εχθρευομαι ,3.5,3.25,1.75,1.0,1.75,1.5
εχθροτητα ,3.75,3.25,1.5,1.0,1.5,1.5
ζαλαδα ,1.5,2.5,1.5,1.0,1.5,2.0
ζαλη ,1.75,2.5,1.75,1.5,1.25,2.25
ζεματω ,3.33,2.33,2.33,1.0,2.33,3.0
ζερβοκουταλα ,3.0,2.5,1.0,1.0,1.0,2.5
ζεσταινω ,1.0,1.0,1.0,2.0,1.0,1.0
ζεστος ,1.0,1.0,1.0,2.5,1.0,2.5
ζεστη ,1.0,1.0,1.0,2.5,1.0,2.5
ζεστο ,1.0,1.0,1.0,2.5,1.0,2.5
ζηλευω ,2.25,2.0,1.25,1.5,1.5,2.0
ζηλια ,2.25,2.25,1.25,1.5,1.5,2.0
ζηλω ,2.25,2.0,1.25,1.25,1.25,2.0
ζο ,3.25,3.25,1.0,1.0,1.0,2.75
ζουδι ,2.5,2.75,1.0,1.0,1.5,2.0
ζουμι ,2.0,2.33,1.0,1.67,1.0,2.0
ζουμπας ,3.0,2.33,1.0,1.0,1.0,2.33
ζουρλα ,2.33,2.67,1.0,1.67,1.0,3.0
ζωηρος ,1.0,1.33,1.0,2.67,1.0,3.0
ζωηρη ,1.0,1.33,1.0,2.67,1.0,3.0
ζωηρο ,1.0,1.33,1.0,2.67,1.0,3.0
ζωνω ,2.0,1.67,3.0,1.0,1.0,2.0
ζωο ,3.5,3.5,1.0,1.0,1.0,2.5
ζωογονος ,1.0,1.0,1.0,3.25,1.0,2.25
ζωογονα ,1.0,1.0,1.0,3.25,1.0,2.25
ζωογονο ,1.0,1.0,1.0,3.25,1.0,2.25
ζωοφιλια ,1.0,1.0,1.0,3.0,1.0,2.33
ζωοφιλος ,1.25,1.5,1.0,2.5,1.25,2.0
ζωοφιλη ,1.25,1.5,1.0,2.5,1.25,2.0
ζωοφιλο ,1.25,1.5,1.0,2.5,1.25,2.0
ηδονιζομαι ,1.0,1.5,1.0,2.25,1.0,2.5
ηδονικος ,1.0,1.5,1.0,2.25,1.0,2.5
ηδονικη ,1.0,1.5,1.0,2.25,1.0,2.5
ηδονικο ,1.0,1.5,1.0,2.25,1.0,2.5
ηθικος ,1.0,1.0,1.0,3.0,1.0,3.0
ηθικη ,1.0,1.0,1.0,3.0,1.0,3.0
ηθικο ,1.0,1.0,1.0,3.0,1.0,3.0
ηλιοχαρος ,1.0,1.0,1.0,3.25,1.0,2.5
ηλιοχαρη ,1.0,1.0,1.0,3.25,1.0,2.5
ηλιοχαρο ,1.0,1.0,1.0,3.25,1.0,2.5
ημερος ,1.0,1.0,1.0,3.0,1.0,2.33
ημερη ,1.0,1.0,1.0,3.0,1.0,2.33
ημερο ,1.0,1.0,1.0,3.0,1.0,2.33
ησυχια ,1.0,1.0,1.0,3.0,1.0,4.0
ησυχος ,1.33,1.33,1.33,2.67,1.33,2.67
ησυχη ,1.33,1.33,1.33,2.67,1.33,2.67
ησυχο ,1.33,1.33,1.33,2.67,1.33,2.67
θαλπω ,1.0,1.0,1.0,3.67,1.0,2.33
θαλπωρη ,1.0,1.0,1.0,3.25,1.0,2.25
θαμπωνω ,1.25,1.75,1.0,1.0,1.0,3.25
θαυμαζω ,1.0,1.0,1.0,3.75,1.0,3.0
θαυμασμος ,1.0,1.0,1.0,3.75,1.0,3.0
θαυμαστης ,1.0,1.0,1.0,3.0,1.0,3.0
θαυματουργω ,1.0,1.0,1.0,3.75,1.0,3.5
θεαμα ,1.0,1.0,1.0,4.0,1.0,4.0
θεατριζομαι ,1.0,2.5,1.0,1.0,1.0,3.0
θεια ,1.33,3.33,1.0,1.0,1.0,2.33
θειος ,1.25,3.0,1.0,1.0,1.0,2.0
θειτσα ,1.5,3.5,1.0,1.0,1.0,2.0
θελω ,2.0,2.0,2.0,2.5,2.0,1.0
Θεος ,2.75,2.75,3.75,3.0,2.0,4.5
θεουσα ,2.0,3.25,1.0,1.0,1.0,2.25
θεραποντας ,1.5,3.0,1.0,1.0,1.0,2.0
θεριζω ,1.67,2.33,2.67,1.0,1.33,2.33
θεριο ,2.0,1.5,2.5,1.75,1.0,2.75
θερμοαιμος ,2.25,1.75,1.5,1.75,1.5,2.0
θερμοαιμη ,2.25,1.75,1.5,1.75,1.5,2.0
θερμοαιμο ,2.25,1.75,1.5,1.75,1.5,2.0
θερμοκεφαλος ,2.5,2.25,2.0,1.75,1.5,2.25
θερμοκεφαλη ,2.5,2.25,2.0,1.75,1.5,2.25
θερμοκεφαλο ,2.5,2.25,2.0,1.75,1.5,2.25
θερμος ,1.5,1.0,1.0,3.0,1.0,2.5
θερμη ,1.5,1.0,1.0,3.0,1.0,2.5
θερμο ,1.5,1.0,1.0,3.0,1.0,2.5
θερμοτητα ,2.0,1.0,1.0,3.5,1.0,2.5
θετικος ,1.0,1.0,1.0,2.75,1.0,2.5
θετικη ,1.0,1.0,1.0,2.75,1.0,2.5
θετικο ,1.0,1.0,1.0,2.75,1.0,2.5
θεωμαι ,1.0,3.0,1.0,1.0,1.0,2.0
θεωρητικολογια ,1.67,2.67,1.0,1.0,1.0,2.0
θεωρητικολογω ,1.67,2.67,1.0,1.0,1.0,2.0
θηλυκος ,2.5,2.5,1.0,1.0,1.0,2.5
θηριακι ,1.25,1.0,1.5,2.0,1.0,2.5
θηριο ,4.0,2.0,3.0,1.75,1.0,2.5
θλιβερος ,1.5,2.25,1.25,1.0,4.75,2.0
θλιβερη ,1.5,2.25,1.25,1.0,4.75,2.0
θλιβερο ,1.5,2.25,1.25,1.0,4.75,2.0
θλιβω ,1.25,2.0,1.25,1.0,4.75,2.0
θλιμμενος ,1.25,2.0,1.25,1.0,4.75,2.0
θλιμμενη ,1.25,2.0,1.25,1.0,4.75,2.0
θλιμμενο ,1.25,2.0,1.25,1.0,4.75,2.0
θλιψη ,1.25,2.0,1.25,1.0,4.75,2.0
θολος ,1.0,2.33,1.67,1.0,2.0,2.0
θολη ,1.0,2.33,1.67,1.0,2.0,2.0
θολο ,1.0,2.33,1.67,1.0,2.0,2.0
θορυβος ,1.25,2.25,2.5,1.0,1.0,2.5
θρασιμι ,2.25,3.0,1.75,1.0,1.0,2.5
θρησκευτικος ,1.0,2.5,1.0,1.0,1.0,2.5
θρησκευτικη ,1.0,2.5,1.0,1.0,1.0,2.5
θρησκευτικο ,1.0,2.5,1.0,1.0,1.0,2.5
θριλερ ,1.0,2.0,4.5,1.0,1.5,3.75
θυμηση ,1.0,1.0,1.0,3.5,2.0,3.0
θυμικο ,2.33,1.67,2.0,1.33,3.0,2.0
θυμικος ,2.33,1.67,2.0,1.33,3.0,2.0
θυμικη ,2.33,1.67,2.0,1.33,3.0,2.0
θυμωμενος ,4.5,2.25,1.5,1.0,1.25,2.5
θυμωμενη ,4.5,2.25,1.5,1.0,1.25,2.5
θυμωμενο ,4.5,2.25,1.5,1.0,1.25,2.5
θυμωνω ,4.5,2.25,1.5,1.0,1.25,2.5
ιδεοληψια ,1.0,3.0,1.5,1.0,1.0,2.5
ιδιοτελεια ,2.0,3.33,1.0,1.0,1.0,2.33
ιδου ,1.67,1.67,1.0,1.67,1.67,4.0
ιερατειο ,1.5,2.0,1.0,1.0,1.0,3.0
ιερογλυφικος ,1.5,2.5,1.0,1.0,1.0,3.5
ικανοποιηση ,1.0,1.0,1.0,4.5,1.0,2.5
ικανος ,1.0,1.0,1.0,3.67,1.0,3.0
ιλιγγος ,1.25,2.75,2.0,1.0,1.25,1.75
ινστρουχτορας ,2.0,3.0,1.0,1.0,1.0,2.0
ιντελιγκεντσια ,2.33,3.33,1.0,1.0,1.0,2.0
ιπποποταμος ,2.0,3.75,1.25,1.0,1.0,1.5
ισοβιος ,2.0,2.5,2.5,1.0,1.0,3.5
ισοβιως ,2.0,2.5,2.5,1.0,1.0,3.5
ισορροπια ,1.0,1.0,1.0,4.0,1.0,3.0
καβαλα ,2.5,3.0,1.0,1.0,1.0,3.0
καβαλικευω ,2.5,3.0,1.0,1.0,1.0,3.0
καβαλω ,2.0,2.67,1.0,1.0,1.0,2.33
καθαρση ,1.0,1.0,1.0,3.5,1.0,2.25
καθηγητιλικι ,3.5,3.5,1.0,1.0,1.0,2.5
καθηκοντολογια ,1.5,3.0,1.0,1.0,1.0,2.0
καθησυχαζω ,1.0,1.0,1.0,3.33,1.0,2.33
καθοδηγητης ,2.0,2.5,1.0,1.0,1.0,2.0
καθωσπρεπει ,1.67,2.67,1.0,1.67,1.0,2.0
καιω ,3.67,2.0,1.67,2.33,2.33,2.67
κακαριζω ,1.0,2.5,1.0,1.75,1.0,2.5
κακοηχος ,1.0,3.33,1.33,1.0,1.33,2.0
κακοηχη ,1.0,3.33,1.33,1.0,1.33,2.0
κακοηχο ,1.0,3.33,1.33,1.0,1.33,2.0
κακοκαρδος ,2.0,2.67,1.67,1.0,1.67,2.0
κακοκαρδη ,2.0,2.67,1.67,1.0,1.67,2.0
κακοκαρδο ,2.0,2.67,1.67,1.0,1.67,2.0
κακος ,2.33,3.0,3.0,1.0,2.0,2.33
κακη ,2.33,3.0,3.0,1.0,2.0,2.33
κακια ,2.33,3.0,3.0,1.0,2.0,2.33
κακο ,2.33,3.0,3.0,1.0,2.0,2.33
κακοσμια ,1.33,3.67,1.0,1.0,1.33,2.67
κακουχια ,1.0,2.33,2.0,1.0,1.67,2.67
καλαισθητικος ,1.0,1.0,1.0,2.75,1.0,2.25
καλαισθητικη ,1.0,1.0,1.0,2.75,1.0,2.25
καλαισθητικο ,1.0,1.0,1.0,2.75,1.0,2.25
καλαμοκανης ,1.5,2.75,1.0,1.0,1.0,2.0
καλαμοποδαρος ,1.5,2.75,1.0,1.0,1.0,2.0
καλαμπαλικι ,1.67,3.0,1.0,1.0,1.0,2.67
καλημερουδια ,1.0,1.0,1.0,4.0,1.0,2.75
καληνυχτουδια ,1.0,1.0,1.0,4.0,1.0,2.75
καλησπερουδια ,1.0,1.0,1.0,4.0,1.0,2.75
καλλιτεχνικος ,1.0,1.0,1.0,3.5,1.0,3.5
καλλιτεχνικη ,1.0,1.0,1.0,3.5,1.0,3.5
καλλιτεχνικο ,1.0,1.0,1.0,3.5,1.0,3.5
καλλονη ,1.0,1.0,1.0,3.0,1.0,2.75
καλλονος ,1.0,1.0,1.0,3.0,1.0,2.75
καλλος ,1.0,1.0,1.0,3.67,1.0,3.67
καλο ,1.0,1.0,1.0,3.75,1.0,2.5
καλογερευω ,1.0,2.5,1.0,1.0,1.0,3.5
καλογερος ,1.0,2.0,1.0,1.0,1.0,2.5
καλοδιαθετος ,1.0,1.0,1.0,3.75,1.0,2.25
καλοδιαθετη ,1.0,1.0,1.0,3.75,1.0,2.25
καλοδιαθετο ,1.0,1.0,1.0,3.75,1.0,2.25
καλοκαιρακι ,1.0,1.0,1.0,3.75,1.0,2.75
καλοκαρδος ,1.0,1.0,1.0,4.33,1.0,3.0
καλοκαρδη ,1.0,1.0,1.0,4.33,1.0,3.0
καλοκαρδο ,1.0,1.0,1.0,4.33,1.0,3.0
καλομαθαινω ,1.0,2.33,1.0,1.0,1.0,2.33
καλοπερασακιας ,2.33,3.0,1.0,1.33,1.0,2.67
καλοπερνω ,1.5,2.0,1.0,2.25,1.0,2.0
καλος ,1.0,1.0,1.0,4.0,1.0,2.67
καλη ,1.0,1.0,1.0,4.0,1.0,2.67
καλυβακι ,1.0,1.5,1.5,2.0,1.0,3.5
καλυβι ,1.0,2.5,1.5,1.0,1.0,3.5
καμακι ,1.0,3.0,1.0,1.0,1.0,3.5
καμακωνω ,1.0,3.0,1.0,1.0,1.0,3.0
καμαρι ,1.0,1.25,1.0,2.75,1.0,2.75
καμαριλα ,1.75,3.25,1.0,1.0,1.0,1.75
καμαρωνω ,1.0,1.0,1.0,3.75,1.0,3.0
καμηλα ,2.5,3.25,1.0,1.0,1.0,2.0
καμπαρετζης ,3.0,3.5,1.25,1.0,1.0,2.0
καμπαρετζου ,3.0,3.5,1.0,1.0,1.0,2.0
καναγιας ,3.5,3.5,1.5,1.0,1.25,2.0
κανι ,4.0,4.0,1.0,1.0,1.0,3.0
κανιβαλος ,2.5,3.75,3.25,1.0,1.25,2.5
κανονιερης ,2.0,2.0,2.0,1.33,1.0,2.33
κανονιζω ,3.5,1.5,1.0,1.0,1.0,2.0
καουρα ,1.0,2.67,1.0,1.0,1.0,2.0
καπελαδουρα ,1.0,1.67,1.0,1.0,1.0,2.33
καπελινο ,1.0,1.33,1.0,1.67,1.0,2.33
καπνικαρεα ,1.25,2.75,1.0,1.0,1.25,1.75
καπουλι ,2.0,2.5,1.0,1.0,1.0,2.0
καπως ,1.0,2.0,1.0,1.0,1.5,2.5
καραβανας ,2.0,3.0,1.0,1.0,1.0,1.75
καραβανσαραι ,1.33,2.67,1.0,1.0,1.0,2.33
καραβανσεραι ,1.33,2.67,1.0,1.0,1.0,2.33
καραβοσκυλος ,2.5,2.75,2.25,1.25,1.5,2.25
καραγιαπι ,2.33,2.67,1.0,1.0,1.0,2.67
καραγκιοζακος ,2.25,2.5,1.0,1.0,1.0,2.25
καραγκιοζης ,2.75,3.0,1.0,1.0,1.0,2.25
καραγκιοζικος ,2.5,3.0,1.0,1.0,1.0,2.25
καραγκιοζιλιδικος ,2.5,2.75,1.0,1.0,1.0,2.25
καραγκιοζλιδικος ,2.5,2.75,1.0,1.0,1.0,2.25
καρακαηδονα ,2.0,3.0,1.0,1.0,1.0,2.0
καρακαξα ,2.25,3.25,1.0,1.0,1.0,2.0
καραμπογια ,1.67,2.67,1.0,1.0,1.0,2.0
καραπουτανα ,4.0,4.5,1.0,1.0,1.25,2.75
καραφλα ,1.75,2.75,1.0,1.0,1.0,2.5
καραφλας ,1.75,2.75,1.0,1.0,1.0,2.5
καραφλος ,2.0,3.0,1.0,1.0,1.0,3.0
καρβουνιαρης ,2.5,3.0,1.0,1.0,1.0,3.0
καργα ,3.5,3.5,1.0,1.0,1.0,3.5
καργας ,2.75,3.25,1.0,1.0,1.0,2.0
καργια ,3.0,3.25,1.0,1.0,1.0,2.25
καρδια ,1.0,1.0,1.0,4.0,1.0,3.5
καρδιοχτυπω ,1.0,1.25,2.5,2.0,1.25,3.0
καρδουλα ,1.0,1.0,1.0,3.25,1.0,3.0
καρεκλα ,1.0,2.0,2.0,1.0,1.0,3.0
καρεκλοκενταυρος ,2.5,2.75,1.0,1.0,1.0,2.25
καριεριστας ,2.0,3.0,1.67,1.0,1.0,2.33
καριολης ,4.5,4.0,1.25,1.0,1.25,2.25
καρκαλετσος ,2.0,3.0,1.0,1.0,1.0,2.0
καρκινιαρης ,3.25,3.5,1.5,1.0,1.25,2.0
καρκινοφοβια ,1.67,2.67,3.0,1.0,1.0,3.0
καρο ,2.0,3.0,1.0,1.0,1.0,3.0
καροδρομος ,2.33,2.67,1.33,1.0,1.33,2.67
καρπαζοεισπρακτορας ,2.0,2.5,1.0,1.0,1.25,2.25
καρπαζοεισπραχτορας ,2.0,2.5,1.0,1.0,1.25,2.25
καρπουζοκεφαλος ,2.0,2.5,1.0,1.0,1.0,2.25
καρφωμα ,2.33,2.67,2.0,1.0,1.0,2.33
καρφωνω ,2.33,2.67,2.0,1.0,1.0,2.33
καστα ,2.33,3.0,1.67,1.0,1.0,2.67
καταβοθρα ,3.0,3.33,1.0,1.0,1.0,2.67
καταδικος ,2.33,2.33,1.67,1.0,1.33,2.33
κατακαιω ,3.25,2.0,2.25,2.0,2.75,2.25
κατακαρδα ,1.33,1.33,1.67,1.0,3.33,2.0
κατακρεουργω ,2.75,3.5,2.25,1.0,2.0,1.75
κατακτηση ,1.0,1.67,1.67,1.67,1.0,2.33
κατακτω ,1.0,1.67,1.67,1.67,1.0,2.33
κατακυριευω ,1.67,1.33,2.0,2.0,1.33,2.33
καταλαβαινω ,1.0,1.0,1.0,3.0,1.0,1.33
καταλαμβανω ,2.0,1.5,2.5,2.5,2.5,2.0
κατανυξη ,1.0,1.0,1.0,3.75,1.0,1.75
καταξοδευω ,1.33,1.33,1.0,2.33,1.33,2.0
καταπινω ,2.0,1.5,3.0,1.0,1.0,2.5
καταπνιγω ,3.5,2.5,3.5,1.0,2.5,3.5
καταπνιξη ,3.5,2.5,3.0,1.0,2.5,3.5
καταπραυνση ,2.0,1.33,1.0,3.33,1.33,2.0
κατασβηνω ,2.5,2.5,1.5,2.5,1.0,2.5
κατασιγαζω ,2.0,2.0,1.0,1.67,1.0,2.67
κατασκευαζω ,1.0,1.0,1.0,3.0,1.0,4.0
κατασκευασμα ,2.0,3.0,2.0,1.0,1.0,3.0
κατασκοπος ,3.0,2.5,3.5,1.0,1.0,3.0
κατασταλαζω ,1.0,1.0,1.0,3.0,1.0,2.0
καταστιχο ,3.0,2.33,1.33,1.0,1.33,2.33
κατατρομαζω ,2.0,1.25,4.75,1.0,1.0,3.75
καταυποχρεωνω ,1.25,1.75,1.0,2.0,1.25,2.25
καταφερνω ,1.0,1.0,1.0,3.33,1.0,1.67
καταχαρουμενος ,1.0,1.0,1.0,4.5,1.0,2.25
καταχαρουμενη ,1.0,1.0,1.0,4.5,1.0,2.25
καταχαρουμενο ,1.0,1.0,1.0,4.5,1.0,2.25
καταψυξη ,1.0,3.0,2.0,1.0,1.0,4.0
κατεβαζω ,2.0,1.0,2.0,2.0,1.0,1.0
κατεργαρης ,2.0,2.67,1.33,1.0,1.0,2.67
κατευναζω ,1.0,1.0,1.0,3.0,1.0,2.33
κατεχω ,1.0,1.5,2.0,2.0,1.5,2.0
κατινα ,2.75,3.0,1.0,1.5,1.0,2.25
κατοικοεδρευω ,1.5,2.0,1.0,1.5,1.5,2.0
κατορθωμα ,2.0,1.33,1.33,2.67,1.0,3.33
κατουρλιαρης ,1.75,3.0,2.0,1.25,1.0,2.25
κατουρω ,1.75,3.25,3.25,2.0,1.0,2.25
κατρουλιαρης ,1.75,3.0,2.0,1.25,1.0,2.25
κατσικοκλεφτης ,2.25,2.75,1.5,1.0,1.0,2.0
κατωτερος ,1.67,2.33,1.0,1.0,1.33,1.67
κατωτερη ,1.67,2.33,1.0,1.0,1.33,1.67
κατωτερο ,1.67,2.33,1.0,1.0,1.33,1.67
κατωτεροτητα ,2.0,2.67,1.0,1.0,1.0,2.0
κατωφλι ,3.0,2.0,1.0,1.0,1.0,3.0
καυλα ,1.0,1.0,1.0,5.0,1.0,3.0
καυλι ,2.67,3.0,1.0,1.67,1.33,3.33
καυλιαρης ,2.67,2.33,1.0,1.0,1.0,3.33
καυλιτζεκι ,2.33,2.67,1.0,1.0,1.0,3.0
καυλιτσεκι ,2.33,2.67,1.0,1.0,1.0,3.0
καυλωνω ,2.5,2.0,1.0,3.25,1.0,2.75
καυσος ,1.5,2.0,1.0,1.0,1.0,3.0
καφενοβιος ,2.0,3.0,1.0,1.0,1.0,3.0
καψιμο ,2.0,2.33,2.33,1.0,1.0,2.67
κειμηλιο ,1.0,1.0,1.33,3.0,1.0,2.67
κεκες ,2.0,2.5,1.0,1.0,1.5,3.0
κεκρακτης ,2.67,3.0,1.0,1.0,1.0,2.33
κεκραχτης ,2.0,2.5,1.0,1.0,1.0,1.5
κελεπουρι ,1.5,1.5,1.0,2.25,1.0,2.5
κενο ,2.0,3.0,2.5,1.5,2.0,1.5
κεντριζω ,1.0,1.0,1.0,3.5,1.0,3.0
κεντω ,1.0,3.0,1.0,3.0,1.0,3.0
κερασοφορος ,3.0,2.0,2.0,1.0,1.0,3.0
κερατας ,3.5,2.75,1.5,1.25,1.5,3.0
κερατο ,3.33,2.67,2.33,1.0,1.67,3.33
κερδιζω ,1.0,1.0,1.25,3.75,1.0,2.75
κεφαλη ,1.0,2.0,1.0,1.0,1.0,3.0
κεχαγιας ,2.67,2.33,1.67,1.0,1.0,1.67
κηδεμονευω ,1.67,2.33,1.67,1.0,1.67,2.0
κηδεμονια ,1.67,2.33,1.67,1.0,1.67,2.0
κιμωλια ,1.0,2.0,5.0,1.0,1.0,4.0
κιναιδος ,2.0,2.75,1.25,1.0,1.25,2.25
κιναισθησια ,1.0,1.0,1.0,1.0,1.0,4.0
κιναισθητικος ,1.0,1.0,1.0,1.0,1.0,4.0
κιναισθητικη ,1.0,1.0,1.0,1.0,1.0,4.0
κιναισθητικο ,1.0,1.0,1.0,1.0,1.0,4.0
κινω ,1.0,1.0,1.0,3.0,1.0,3.0
κιτρινιαρης ,2.67,3.67,1.33,1.0,1.0,3.0
κλαιω ,2.0,1.25,2.5,1.0,3.75,2.25
κλανιαρης ,2.25,3.25,3.25,1.0,1.0,2.0
κλανω ,2.67,4.0,1.33,1.0,1.0,2.67
κλαπατσα ,1.67,3.0,1.33,1.0,2.67,2.33
κλασιμο ,2.5,3.25,1.25,1.0,1.0,2.25
κλειστος ,1.0,2.5,1.0,1.0,1.0,3.0
κλειστη ,1.0,2.5,1.0,1.0,1.0,3.0
κλειστο ,1.0,2.5,1.0,1.0,1.0,3.0
κλεφτακος ,2.25,2.5,2.25,1.0,1.25,2.25
κλεφταρας ,3.25,3.5,3.0,1.0,1.25,2.75
κλεφταρου ,3.0,3.25,2.75,1.0,1.25,2.5
κλεφτης ,3.0,3.0,3.0,1.0,1.25,2.0
κλεφτρακος ,2.25,2.5,2.5,1.0,1.25,2.0
κλεφτρου ,2.5,2.75,2.5,1.0,1.25,2.0
κλικα ,2.5,2.25,1.25,1.0,1.0,2.0
κλινικα ,2.0,2.5,1.0,1.0,1.0,2.5
κλινικος ,2.0,2.33,1.0,1.0,1.0,2.0
κλοτσοπατιναδα ,2.33,2.33,1.0,1.0,1.33,2.67
κλωτσοπατιναδα ,2.33,2.33,1.0,1.0,1.33,2.67
κνωδαλο ,3.0,2.75,1.25,1.0,1.25,2.25
κοβω ,2.0,3.0,4.0,1.0,2.0,3.0
κοιλαρας ,2.0,3.0,1.25,1.0,1.5,2.5
κοινος ,2.0,2.5,1.5,2.5,1.5,2.5
κοινη ,2.0,2.5,1.5,2.5,1.5,2.5
κοινο ,2.0,2.5,1.5,2.5,1.5,2.5
κοινοτητα ,1.0,1.0,1.5,3.0,1.0,2.5
κοκαλιαρης ,2.33,2.67,1.67,1.0,1.67,2.67
κοκιτης ,2.0,2.5,3.0,1.0,2.0,3.0
κοκκινιζω ,2.0,1.75,2.25,2.0,1.0,3.0
κοκονα ,1.75,1.75,1.0,1.25,1.0,2.0
κοκορομαχια ,2.0,2.33,1.67,1.0,1.0,2.67
κολακευω ,1.0,2.0,1.0,2.5,1.0,2.0
κολεγιο ,1.5,3.0,1.0,1.0,1.0,2.0
κολλω ,1.0,2.67,1.67,1.0,1.0,2.33
κολομπαρας ,2.5,3.75,1.0,1.0,1.25,1.75
κολουμπρα ,2.25,2.25,2.0,1.25,1.5,4.25
κομης ,1.5,3.0,2.5,1.0,1.0,3.0
κομμαρα ,1.5,2.0,2.0,1.0,1.5,3.0
κομματοσκυλο ,3.25,3.5,1.25,1.0,1.0,2.25
κομμουνα ,3.0,3.33,1.0,1.0,1.0,2.0
κομμουνι ,3.0,3.25,1.0,1.0,1.0,1.75
κομμουνιστοσυμμοριτης ,3.0,3.25,1.25,1.0,1.0,1.75
κομπανια ,1.33,2.0,1.0,1.67,1.0,2.0
κομπλεξ ,1.5,2.25,1.5,1.0,1.75,2.0
κομπογιαννιτης ,2.75,3.0,1.25,1.0,1.0,2.0
κονδυλοφορος ,2.33,3.0,1.0,1.0,1.0,2.0
κοντοβρακι ,1.33,2.67,1.0,1.0,1.0,2.0
κοπαδι ,2.0,2.5,1.5,1.0,1.0,2.25
κοπρολογος ,2.0,3.67,1.0,1.0,1.0,2.33
κοπροσκυλο ,3.0,3.5,1.25,1.0,1.0,2.0
κορακι ,2.0,3.0,2.0,1.0,1.0,2.67
κορδωνω ,1.0,1.75,1.0,1.75,1.0,2.0
κορεννυω ,1.5,3.5,1.0,1.0,1.0,2.0
κορεσμος ,1.33,2.67,1.0,1.67,1.0,1.67
κορμακι ,1.0,1.0,1.0,3.5,1.0,3.5
κορμαρα ,1.0,1.0,1.0,3.75,1.0,3.0
κορμι ,1.0,1.0,1.0,3.0,1.0,3.0
κορτακιας ,1.33,2.33,1.0,1.0,1.0,1.33
κοσμακης ,2.0,2.67,1.33,1.0,1.67,1.67
κουδουνι ,3.0,3.0,1.0,1.0,1.0,2.0
κουιντετο ,2.0,3.0,1.0,1.0,1.0,2.0
κουκι ,1.5,2.0,1.0,1.0,1.5,2.0
κουκουλωμα ,2.5,3.5,1.5,1.0,2.5,3.5
κουκουλωνω ,2.5,4.0,1.5,1.0,2.5,3.5
κουλος ,2.67,2.33,1.33,1.0,1.67,2.33
κουλοχερης ,3.5,3.0,1.0,1.0,2.0,2.0
κουλτουριαρης ,2.0,3.0,1.0,1.0,1.0,2.0
κουμασι ,3.0,3.75,1.25,1.0,1.0,2.0
κουμμουνι ,2.5,3.0,1.0,1.0,1.0,1.75
κουνιστος ,2.0,2.75,1.0,1.0,1.0,2.25
κουραδα ,2.75,4.25,1.0,1.0,1.0,2.25
κουραζω ,1.5,1.75,1.0,1.0,2.0,1.25
κουραμπιες ,2.33,3.33,1.0,1.0,1.0,2.33
κουραση ,1.25,2.0,1.0,1.0,2.0,1.5
κουρκουτιαζω ,1.0,1.5,1.0,1.0,2.25,2.0
κουστωδια ,1.5,2.5,1.0,1.0,1.0,2.0
κουταμαρα ,2.0,2.67,1.33,1.0,1.33,2.33
κουτσαμαρα ,1.75,2.25,1.25,1.0,1.5,1.75
κουτσουρο ,3.0,3.33,1.0,1.0,1.33,2.67
κουφοβραζω ,1.33,1.67,1.0,1.0,1.67,1.33
κοχλαζω ,1.0,1.67,1.0,1.0,1.33,2.0
κοψιμο ,2.0,3.0,2.5,1.0,2.0,1.5
κρασοκατανυξη ,1.33,2.33,1.0,1.67,1.0,2.33
κρεβατομουρμουρα ,1.75,2.25,1.0,1.0,1.25,2.0
κρεμομαι ,1.0,2.0,2.0,1.0,1.0,3.0
κρεπαρω ,2.25,2.75,1.25,1.0,1.5,2.25
κριση ,2.67,2.33,2.33,1.0,1.67,3.33
κρυαδα ,1.33,2.67,1.67,1.0,1.33,2.33
κρυβω ,2.5,1.5,1.0,1.0,1.0,2.5
κρυο ,1.0,1.67,1.67,1.0,1.67,3.0
κρυος ,1.5,2.0,1.5,1.0,1.5,2.25
κρυα ,1.5,2.0,1.5,1.0,1.5,2.25
κρυφοκαμαρωνω ,1.0,1.0,1.0,4.25,1.0,2.25
κρυφος ,2.0,2.5,2.0,1.0,1.0,3.0
κρυφη ,2.0,2.5,2.0,1.0,1.0,3.0
κρυφο ,2.0,2.5,2.0,1.0,1.0,3.0
κρυωνω ,1.25,1.5,1.75,1.0,1.75,2.25
κτηνος ,3.75,4.0,3.0,1.0,1.5,2.75
κυβερνητης ,1.0,3.0,2.0,1.0,1.0,3.0
κυκλωμα ,1.67,2.67,2.33,1.0,1.0,2.33
κυμα ,2.0,1.5,2.5,2.5,1.0,3.0
κυνικος ,2.33,2.67,1.67,1.0,1.0,2.67
κυνικη ,2.33,2.67,1.67,1.0,1.0,2.67
κυνικο ,2.33,2.67,1.67,1.0,1.0,2.67
κυρατσα ,2.5,3.5,1.0,1.0,1.0,2.0
κυριαρχια ,1.33,1.67,2.0,1.33,1.0,2.0
κυριαρχω ,1.33,1.67,2.0,1.67,1.0,2.0
κυριευω ,2.0,1.5,3.0,1.0,1.0,2.5
κυρουλα ,1.25,1.5,1.0,1.5,1.0,1.25
κωλοβαραω ,3.0,3.67,1.0,1.0,1.33,2.33
κωλογλειφτης ,3.0,4.25,1.0,1.0,1.0,2.5
κωλογλειφω ,3.0,4.25,1.0,1.0,1.0,2.5
κωλοδαχτυλο ,4.25,3.25,1.0,1.0,1.0,2.5
κωλομερι ,2.33,3.67,1.0,1.0,1.0,2.67
κωλοτρυπιδα ,3.33,4.0,1.0,1.0,1.0,2.67
κωλοχανειο ,3.25,4.0,1.0,1.0,1.25,2.5
κωλοχαρτο ,3.25,3.75,1.0,1.0,1.0,2.5
λαβρα ,2.25,2.0,1.5,2.5,1.0,3.0
λαλω ,2.0,3.0,1.0,1.5,2.0,4.0
λαμποκοπω ,1.0,1.0,1.0,4.33,1.0,3.67
λαμπω ,1.0,1.0,1.0,4.33,1.0,3.67
λαμψη ,1.0,1.0,1.0,4.0,1.0,3.67
λαουτζικος ,1.67,2.67,1.0,1.0,1.67,2.0
λαπας ,1.75,3.25,1.0,1.0,1.0,2.5
λασπη ,1.75,2.25,1.0,1.0,2.0,2.0
λαχταρω ,1.0,1.0,2.75,3.0,1.0,2.25
λειπω ,1.0,1.0,1.0,1.0,4.0,1.0
λειτουργημα ,1.0,1.0,1.0,3.0,1.0,3.5
λεπταισθησια ,1.0,1.0,1.0,2.67,1.0,2.33
λεπταισθητος ,1.0,1.0,1.0,2.67,1.0,3.0
λεπταισθητη ,1.0,1.0,1.0,2.67,1.0,3.0
λεπταισθητο ,1.0,1.0,1.0,2.67,1.0,3.0
λεπτος ,1.0,1.0,1.0,3.0,1.0,4.0
λεπτη ,1.0,1.0,1.0,3.0,1.0,4.0
λεπτο ,1.0,1.0,1.0,3.0,1.0,4.0
λεω ,1.0,1.0,1.0,3.0,1.0,1.0
λησμονια ,1.0,1.33,2.0,1.0,3.0,2.0
λησμονιεμαι ,1.0,1.33,2.0,1.0,3.0,2.0
λησμονω ,1.0,1.33,2.0,1.0,3.0,2.0
λιγουρα ,1.25,1.5,1.0,1.75,1.0,2.0
λιγουρευομαι ,1.0,1.5,1.0,1.75,1.0,2.0
λιγουρης ,1.75,2.5,1.0,1.0,1.0,2.25
λιγωνω ,1.0,3.25,1.0,2.0,1.0,2.0
λιλι ,1.67,2.33,1.0,1.0,1.0,2.33
λιμαρης ,2.25,3.0,1.0,1.0,1.0,2.0
λιμαρικος ,2.5,2.75,1.0,1.0,1.0,2.25
λιμπιζομαι ,1.0,1.75,1.0,2.5,1.0,2.5
λογακι ,2.0,1.33,1.0,1.0,1.0,2.33
λογοκρατουμαι ,1.0,2.0,1.5,1.0,1.0,1.0
λογος ,2.0,1.5,1.0,1.0,1.0,2.5
λογυδριο ,1.67,2.67,1.0,1.0,1.0,1.67
λοιπον ,1.0,1.0,1.0,1.0,1.0,1.0
λορδα ,1.33,2.0,1.0,1.0,1.0,2.33
λουλουδακι ,1.33,1.33,1.0,2.33,1.0,2.67
λουλουδι ,1.25,1.5,1.0,1.75,1.0,2.0
λυπη ,1.0,1.5,1.5,1.0,4.5,2.25
λυπηση ,1.0,2.0,1.5,1.0,4.25,2.25
λυπητερος ,1.0,1.5,1.5,1.0,4.5,2.25
λυπητερη ,1.0,1.5,1.5,1.0,4.5,2.25
λυπητερο ,1.0,1.5,1.5,1.0,4.5,2.25
λυπω ,1.0,1.75,1.5,1.0,4.5,2.25
λυρικος ,1.0,2.0,1.0,2.0,2.0,2.0
λυρικη ,1.0,2.0,1.0,2.0,2.0,2.0
λυρικο ,1.0,2.0,1.0,2.0,2.0,2.0
λυρισμος ,1.0,2.0,1.0,2.0,2.0,3.0
λωποδυτης ,3.0,3.33,2.33,1.0,1.0,2.67
μαγαζι ,1.5,3.0,1.0,1.5,1.0,2.5
μαγαρα ,3.0,2.5,1.0,1.0,1.0,2.0
μαγκουφης ,2.0,2.25,1.0,1.0,1.75,2.0
μαγκωνω ,1.0,1.67,1.67,1.0,1.33,2.33
μαθες ,2.0,1.67,1.0,1.0,1.0,1.67
μαθημα ,3.0,1.0,3.0,2.0,2.0,2.0
μαθηματακι ,1.67,2.0,1.0,1.33,1.0,1.67
μαθητοπατερας ,1.67,2.67,1.0,1.0,1.0,1.67
μαθητουδι ,1.67,2.33,1.0,1.0,1.0,1.67
μαιδανος ,2.0,2.75,1.0,1.0,1.0,2.25
μαιμουδιαρης ,1.5,3.0,1.25,1.0,1.0,1.75
μαιντανος ,2.0,2.75,1.0,1.0,1.0,2.25
μακαριος ,1.0,1.25,1.0,2.25,2.0,2.0
μακαριτικος ,1.0,2.33,1.33,1.0,2.0,2.0
μακαριως ,1.0,1.5,1.25,1.75,1.75,1.75
μακαρονας ,1.5,3.0,1.0,1.0,1.0,2.5
μαλακας ,5.0,5.0,2.5,2.0,2.25,3.75
μαλακισμενος ,5.0,5.0,2.25,2.0,2.25,3.75
μαλακιστηρι ,5.0,5.0,2.0,2.0,2.25,3.75
μαλαμα ,1.0,1.0,1.0,3.33,1.0,3.67
μαλλιαρισμος ,2.0,2.75,1.0,1.0,1.0,1.75
μαλλιαρος ,1.67,2.67,1.0,1.0,1.0,2.33
μαλλιας ,1.67,2.33,1.67,1.0,1.0,2.33
μαμμωνας ,2.0,3.25,1.25,1.0,1.0,1.75
μαμοθρεφτος ,2.25,3.0,1.0,1.0,1.0,2.25
μαμουνιαρης ,2.33,3.33,1.33,1.0,1.0,2.33
μανδαρινος ,1.75,2.75,1.0,1.0,1.0,1.5
μανια ,3.25,1.5,1.5,2.5,1.0,2.5
μανιερισμος ,1.0,3.0,1.0,1.0,1.0,1.5
μανικι ,1.5,2.5,1.0,1.0,1.0,3.5
μαντευω ,1.0,1.0,1.0,1.0,1.0,2.0
μαντης ,1.0,2.0,1.33,1.33,1.0,2.67
μαντισσα ,1.0,2.0,1.33,1.33,1.0,2.67
μαντραχαλας ,1.67,2.67,2.33,1.0,1.0,3.0
μαντραχαλος ,1.67,2.67,2.33,1.0,1.0,3.0
μαντροσκυλο ,2.75,3.0,2.5,1.0,1.0,2.0
μαουνα ,2.33,3.33,1.67,1.0,1.0,3.0
μαπας ,2.0,3.0,1.0,1.0,1.5,2.25
μαρμαρωνω ,1.0,1.67,4.33,1.0,1.0,5.0
μασκαρας ,1.5,3.0,1.0,2.5,1.0,2.75
μασονια ,2.33,3.0,2.67,1.0,1.0,2.33
μασονος ,2.67,3.33,2.67,1.0,1.0,2.33
μασταρι ,1.33,3.33,1.0,1.33,1.0,2.33
μαστροχαλαστης ,1.75,2.0,1.0,1.0,1.0,2.0
ματακιας ,2.25,3.25,1.75,1.0,1.0,2.25
μαυροτσουκαλο ,1.25,2.5,1.25,1.0,1.0,2.0
μαυροφορουσα ,1.0,3.0,1.5,1.0,1.0,3.0
μαφια ,3.0,2.67,3.33,1.0,1.0,3.0
μαφιοζικος ,3.0,2.67,3.33,1.0,1.0,3.0
μαφιοζος ,3.0,2.67,3.33,1.0,1.0,3.0
μεγαλοσχημος ,1.5,3.0,1.0,1.0,1.0,2.0
μεγαλουσιανος ,2.0,2.5,1.0,1.0,1.0,2.0
μεδουλι ,1.0,1.0,3.0,1.0,2.0,2.0
μεθη ,1.25,1.25,1.0,3.75,1.25,2.25
μεθοκοπω ,1.5,2.75,1.25,1.5,1.0,2.25
μεθυσμενος ,2.0,2.5,1.5,1.5,1.0,3.5
μεθυσμενη ,2.0,2.5,1.5,1.5,1.0,3.5
μεθυσμενο ,2.0,2.5,1.5,1.5,1.0,3.5
μεθυστακας ,2.0,3.25,2.0,1.0,1.5,2.25
μεθυστικος ,1.0,1.0,1.0,4.0,1.0,2.5
μεθυστικη ,1.0,1.0,1.0,4.0,1.0,2.5
μεθυστικο ,1.0,1.0,1.0,4.0,1.0,2.5
μεθω ,1.33,2.33,1.0,3.33,1.0,3.0
μειγμα ,1.0,2.5,1.0,1.5,1.0,2.5
μειον ,1.0,2.5,1.0,1.0,2.0,2.0
μειονεκτικοτητα ,1.0,1.75,1.0,1.0,2.0,1.25
μελαγχολια ,1.0,1.5,1.0,1.0,3.25,1.5
μελαγχολικος ,1.0,1.5,1.0,1.0,3.25,1.5
μελαγχολικη ,1.0,1.5,1.0,1.0,3.25,1.5
μελαγχολικο ,1.0,1.5,1.0,1.0,3.25,1.5
μελο ,1.0,2.67,1.0,1.0,2.0,2.0
μελοδραματισμος ,1.0,3.0,1.0,1.0,1.67,1.67
μεξιοβαρβαρος ,3.0,4.0,1.0,1.0,1.0,3.0
μερακι ,1.0,1.0,1.0,4.0,1.0,2.75
μερακλωνω ,1.0,1.0,1.0,4.25,1.0,3.0
μεταμελουμαι ,1.0,1.0,1.33,1.0,3.0,1.33
μετανοω ,1.0,1.0,1.33,1.33,3.33,1.33
μετρο ,4.0,2.0,1.0,1.0,1.0,2.0
μικροαστος ,2.0,2.33,1.0,1.0,1.0,2.33
μικρομεγαλος ,2.33,2.33,1.0,1.0,1.67,2.67
μικροπρεπης ,2.67,3.0,1.0,1.0,1.0,2.33
μικροπρεπες ,2.67,3.0,1.0,1.0,1.0,2.33
μικροτητα ,2.67,3.0,1.0,1.0,1.0,2.67
μισανθρωπος ,2.25,3.0,1.75,1.0,1.25,2.0
μισανθρωπη ,2.25,3.0,1.75,1.0,1.25,2.0
μισανθρωπο ,2.25,3.0,1.75,1.0,1.25,2.0
μισθοφορος ,1.0,3.5,1.5,1.0,1.0,2.0
μισος ,3.75,3.25,2.25,1.0,1.0,2.5
μισω ,3.75,3.5,2.25,1.0,1.0,2.5
μνημειο ,1.0,1.5,1.0,2.5,1.0,4.0
μνημειωδης ,1.0,1.33,1.0,2.67,1.0,3.33
μνησικακια ,3.75,2.75,1.75,1.0,1.0,2.25
μνησικακω ,3.75,2.75,1.75,1.0,1.0,2.25
μομολο ,2.25,3.25,1.0,1.0,1.0,2.0
μοναζω ,1.0,2.5,1.0,1.0,1.0,3.5
μοναξια ,1.0,1.67,2.0,1.0,2.33,2.33
μοναρχοφασιστας ,4.0,3.75,2.25,1.0,1.0,2.25
μονιμας ,2.0,3.0,1.0,1.0,1.0,2.0
μονος ,1.0,2.5,2.0,1.0,1.0,3.5
μονη ,1.0,2.5,2.0,1.0,1.0,3.5
μονο ,1.0,2.5,2.0,1.0,1.0,3.5
μορμολυκειο ,1.75,3.5,1.0,1.0,1.0,2.0
μορφασμος ,1.0,3.33,1.0,1.0,1.0,2.67
μουγγος ,2.0,2.0,1.67,1.0,1.0,4.33
μουγγη ,2.0,2.0,1.67,1.0,1.0,4.33
μουγγο ,2.0,2.0,1.67,1.0,1.0,4.33
μουδιαζω ,1.0,2.0,3.67,1.0,1.33,3.0
μουλαρα ,4.0,3.75,1.0,1.0,1.0,2.5
μουλαρι ,3.25,3.75,1.0,1.0,1.0,2.25
μουλικος ,2.5,3.0,1.0,1.0,1.0,2.0
μουλος ,3.25,3.5,1.0,1.0,1.0,2.0
μουνι ,4.0,4.5,1.0,1.5,1.0,2.5
μουνοπανο ,4.5,4.25,1.0,1.0,1.0,2.5
μουνοψειρα ,4.25,4.0,1.0,1.0,1.0,2.75
μουργος ,2.0,2.25,1.0,1.25,1.0,2.0
μουρη ,1.67,3.0,1.0,1.0,1.0,2.33
μουσικαντης ,1.33,2.67,1.0,1.0,1.0,2.33
μουσμουλο ,1.67,3.67,1.0,1.0,1.0,1.67
μουστογρια ,2.25,3.75,1.5,1.0,1.0,1.75
μουτρο ,1.75,2.5,1.5,1.75,1.0,2.5
μουτρωμενος ,2.75,2.0,1.0,1.0,2.0,1.5
μουτρωμενη ,2.75,2.0,1.0,1.0,2.0,1.5
μουτρωμενο ,2.75,2.0,1.0,1.0,2.0,1.5
μουτρωνω ,2.75,2.0,1.0,1.0,2.0,1.75
μοφρονιος ,1.33,2.67,1.0,1.33,1.0,2.33
μπα ,2.0,3.0,1.0,1.0,2.0,2.5
μπαγασακος ,1.25,2.0,1.0,1.5,1.0,2.0
μπαγασας ,1.5,2.25,1.0,1.5,1.0,1.75
μπαγασικος ,1.25,2.0,1.0,1.5,1.0,2.0
μπαγκατελα ,1.75,2.75,1.0,1.0,1.0,2.25
μπαζο ,2.75,3.75,1.0,1.0,1.0,2.25
μπαιλντιζω ,2.67,3.33,1.0,1.0,1.67,2.67
μπαινακηςβγαινακης ,2.5,2.25,1.0,1.0,1.0,2.0
μπακαλοτεφτερο ,1.0,2.75,1.0,1.0,1.0,1.75
μπακαλοχαρτο ,1.0,2.75,1.0,1.0,1.0,1.75
μπακατελα ,2.0,2.75,1.0,1.0,1.0,2.25
μπαλαντερ ,1.33,2.33,1.0,1.67,1.0,2.67
μπαλαντζας ,2.0,2.75,1.0,1.0,1.0,2.0
μπαμιας ,2.5,3.0,1.0,1.0,1.0,2.5
μπαμπαλης ,2.0,2.75,1.0,1.0,1.0,2.0
μπαμπογερος ,2.0,3.0,1.25,1.0,1.0,2.0
μπαμπογρια ,2.0,3.0,1.25,1.0,1.0,2.0
μπαμπω ,2.0,3.25,1.25,1.0,1.0,2.0
μπανακι ,1.0,1.0,1.0,3.67,1.0,3.0
μπανανια ,2.0,2.67,1.33,1.0,1.33,2.33
μπασκινας ,2.75,3.5,1.5,1.0,1.0,1.75
μπασκλας ,1.75,3.0,1.0,1.0,1.0,2.0
μπασκλασαρια ,1.75,3.0,1.0,1.0,1.0,2.0
μπασταρδικος ,2.75,3.75,1.0,1.0,1.0,2.25
μπασταρδος ,3.25,3.75,1.0,1.0,1.0,2.25
μπαστουνοβλαχος ,3.0,3.5,1.0,1.0,1.0,2.0
μπατσαρια ,3.0,3.25,1.25,1.0,1.0,1.75
μπατσικο ,2.5,3.25,1.5,1.0,1.0,1.75
μπατσινα ,2.75,3.25,1.5,1.0,1.0,1.75
μπατσος ,2.75,3.25,1.5,1.0,1.0,1.75
μπαφιαζω ,2.0,3.5,1.25,1.0,1.5,2.0
μπαφιασμενος ,2.0,3.5,1.25,1.0,1.5,2.0
μπαφιασμενη ,2.0,3.5,1.25,1.0,1.5,2.0
μπαφιασμενο ,2.0,3.5,1.25,1.0,1.5,2.0
μπεκρης ,2.5,3.0,1.5,1.0,1.0,2.5
μπεκροκανατα ,2.75,3.5,1.0,1.0,1.0,2.25
μπεκρολογω ,2.0,2.75,1.0,1.0,1.0,2.25
μπεκροπινω ,2.0,3.0,1.0,1.25,1.0,2.25
μπεκρουλιαζω ,2.0,3.0,1.0,1.25,1.0,2.25
μπεκρουλιακας ,2.75,3.5,1.25,1.0,1.0,2.25
μπλαζε ,2.33,3.0,1.0,1.0,1.33,2.33
μπλοκαρω ,1.0,1.33,1.0,1.0,1.33,1.67
μπουλης ,2.0,2.75,1.0,1.0,1.0,1.75
μπουμπουκακι ,1.0,1.0,1.0,3.33,1.0,3.0
μπουμπουκι ,1.0,1.25,1.0,3.0,1.0,2.25
μπουντρουμι ,1.67,2.67,1.33,1.0,1.67,2.33
μπουρδελιαρης ,2.75,3.75,1.25,1.0,1.0,2.0
μπουρδελο ,4.0,4.33,1.0,1.0,1.0,3.67
μπουρζουαζια ,2.0,2.75,1.0,1.0,1.0,1.5
μπουρζουας ,2.25,2.75,1.0,1.0,1.0,1.5
μπουρτζοβλαχος ,3.25,3.5,1.0,1.0,1.0,1.75
μπουχτιζω ,2.75,3.75,1.0,1.0,1.25,2.0
μπραβο ,2.0,1.0,1.0,4.0,1.0,3.0
μπραβος ,2.0,2.67,1.67,1.0,1.0,2.33
μυξοκλαιω ,1.67,3.67,2.0,1.0,2.0,2.0
μυριακριβος ,1.0,1.0,1.0,2.5,1.0,2.75
μυρωδια ,1.0,3.0,1.0,3.5,1.0,3.5
μυστικοσυμβουλος ,1.0,3.0,1.0,1.0,1.0,3.0
μωρε ,2.5,3.0,1.0,1.5,1.0,3.25
μωρη ,4.25,3.75,1.0,1.0,1.0,2.75
να ,4.33,4.0,2.67,2.0,1.0,4.33
ναος ,1.0,2.0,1.0,2.0,1.0,3.5
ναρκωση ,1.0,2.0,2.0,1.0,1.0,1.5
ναυτια ,1.0,3.75,1.75,1.0,1.0,2.0
ναυτοπουλο ,1.0,2.0,1.0,1.0,1.0,1.67
νεκροκεφαλη ,2.0,3.5,3.5,1.0,1.0,3.0
νεκρωνω ,1.0,2.0,4.33,1.0,1.67,3.0
νεκρωση ,1.0,2.5,4.0,1.0,1.0,3.5
νεροκουβαλητης ,1.67,2.67,1.0,1.0,1.33,2.0
νεροπλυμα ,1.5,3.0,1.0,1.0,1.0,2.25
νεροχυτης ,4.0,3.0,1.0,1.0,1.0,2.0
νευρικος ,2.5,1.25,1.75,1.0,1.25,2.0
νευρικη ,2.5,1.25,1.75,1.0,1.25,2.0
νευρικια ,2.5,1.25,1.75,1.0,1.25,2.0
νευρικο ,2.5,1.25,1.75,1.0,1.25,2.0
νηφαλιος ,1.0,1.0,1.0,2.5,1.0,2.0
νηφαλια ,1.0,1.0,1.0,2.5,1.0,2.0
νηφαλιο ,1.0,1.0,1.0,2.5,1.0,2.0
νιανιαρο ,2.0,2.67,1.0,1.0,1.0,2.67
νιαουριζω ,1.75,3.0,1.0,1.0,1.0,2.0
νιαουρισμα ,1.75,3.0,1.0,1.0,1.0,2.0
νιατο ,1.0,1.33,1.0,2.67,1.0,2.67
νιωθω ,1.0,1.5,1.0,2.0,1.0,2.0
νοικοκυριστικος ,1.0,2.0,1.0,2.33,1.0,2.67
νοσταλγω ,1.0,1.0,1.0,1.25,3.5,2.25
νοστος ,1.0,1.0,1.0,2.0,2.5,2.25
νουλα ,1.5,3.0,1.25,1.0,1.5,2.5
νταλκαδιαζω ,1.0,1.25,1.0,2.25,1.75,2.25
νταντευω ,1.67,2.33,1.0,1.0,1.0,2.67
ντελιριο ,2.25,1.5,1.5,2.0,1.0,3.0
ντενεκες ,2.25,3.25,1.0,1.0,1.0,2.0
ντερλικωνω ,1.33,3.0,1.0,1.33,1.0,2.67
ντιλεταντης ,1.5,2.25,1.0,1.0,1.0,2.25
ντορης ,1.0,2.0,1.0,2.0,1.0,3.0
ντουετο ,1.0,2.5,1.0,1.5,1.0,3.0
ντουλαπα ,1.33,3.0,1.67,1.0,1.0,2.33
ντρεπομαι ,1.25,1.75,1.25,1.0,1.75,2.5
ντροπαλος ,1.0,1.5,1.25,1.0,1.5,2.0
ντροπαλη ,1.0,1.5,1.25,1.0,1.5,2.0
ντροπαλο ,1.0,1.5,1.25,1.0,1.5,2.0
ντροπη ,1.5,2.25,1.5,1.0,1.75,2.75
νυκτωδια ,1.0,2.0,1.0,1.0,2.0,3.0
νυμφιδιο ,2.0,3.33,1.0,1.0,1.33,2.67
νυμφιος ,2.0,3.5,1.0,1.0,1.0,3.5
νυμφοπαζαρο ,1.67,3.0,1.0,1.0,1.0,2.67
νυσταζω ,1.0,2.0,1.0,1.0,1.33,2.33
νυσταλεος ,1.33,2.0,1.0,1.0,1.33,2.33
νυφοπαζαρο ,1.67,3.0,1.0,1.0,1.0,2.67
ξαναγεννω ,1.0,1.0,1.0,4.33,1.0,3.0
ξαναμμα ,1.5,1.25,1.0,2.0,1.0,2.75
ξανανιωθω ,1.0,1.0,1.0,3.33,1.0,3.0
ξεβγαζω ,1.0,3.0,1.0,1.0,1.0,1.0
ξεγελω ,2.0,2.0,1.5,1.0,1.0,3.5
ξεθυμαινω ,1.0,1.5,1.5,1.5,1.0,3.0
ξεκουραζω ,1.0,1.0,1.0,3.33,1.0,2.33
ξεκρεμαστος ,2.33,1.33,1.0,1.0,1.0,3.67
ξεκρεμαστη ,2.33,1.33,1.0,1.0,1.0,3.67
ξεκρεμαστο ,2.33,1.33,1.0,1.0,1.0,3.67
ξενιζω ,1.0,2.0,1.0,1.0,1.33,4.0
ξενοκινητος ,2.33,2.33,1.0,1.0,1.0,2.0
ξενοφοβος ,2.25,2.25,3.0,1.0,1.0,2.0
ξενοφοβη ,2.25,2.25,3.0,1.0,1.0,2.0
ξενοφοβο ,2.25,2.25,3.0,1.0,1.0,2.0
ξεπατικοτουρα ,2.0,2.33,1.0,1.0,1.0,2.0
ξεπατικωνω ,2.0,2.33,1.0,1.0,1.0,2.33
ξεπατικωτουρα ,2.0,2.33,1.0,1.0,1.0,2.0
ξεπλενω ,1.33,2.33,1.0,1.0,1.0,2.0
ξερνω ,2.0,4.75,1.25,1.0,1.5,2.5
ξεροκομματο ,2.0,3.0,1.0,1.0,1.33,1.67
ξερος ,1.67,2.67,2.33,1.0,1.33,3.67
ξερη ,2.0,2.0,3.0,1.0,1.0,4.0
ξερο ,2.0,2.0,3.0,1.0,1.0,4.0
ξεσκιζω ,4.0,3.0,1.25,2.25,1.25,2.25
ξεσπω ,4.0,1.5,1.5,1.5,1.5,3.0
ξετρελαινω ,1.0,1.0,1.0,4.0,1.0,3.25
ξεφτιλας ,2.75,3.5,1.0,1.0,1.25,2.5
ξεφτιλιζω ,3.67,3.67,1.0,1.67,1.33,3.33
ξεφτιλισμενος ,3.0,4.0,1.0,1.0,1.25,2.5
ξεχειλιζω ,4.0,3.25,1.0,1.25,1.0,2.75
ξεχνω ,2.5,1.5,1.0,1.0,2.5,3.5
ξινιζω ,1.5,3.0,1.0,1.0,1.25,2.25
ξοανο ,2.75,2.75,1.0,1.0,1.25,2.0
ξυλιαζω ,1.33,2.33,1.33,1.0,1.33,2.67
ξυλοποδαρος ,1.67,2.67,1.33,1.0,1.0,2.67
ξυνω ,3.0,3.0,1.0,1.0,1.0,2.5
ξυπνω ,3.0,1.5,1.5,1.0,1.0,3.5
οθωμανικος ,2.5,2.0,1.0,1.0,1.0,1.5
οικονομιστικος ,1.5,2.5,1.0,1.0,1.0,1.5
οικοπεδοφαγος ,3.67,2.33,1.67,1.0,1.0,2.0
οικτιρω ,1.75,1.75,1.0,1.0,4.25,1.5
οικτος ,1.25,1.75,1.0,1.0,4.25,2.0
οιστρηλατος ,1.0,1.0,1.0,3.67,1.0,3.67
οιστρηλατη ,1.0,1.0,1.0,3.67,1.0,3.67
οιστρηλατο ,1.0,1.0,1.0,3.67,1.0,3.67
οιστρηλατω ,1.0,1.0,1.0,3.67,1.0,3.67
οιστρος ,1.0,1.0,1.0,3.75,1.0,3.0
ολκη ,2.67,2.0,1.0,2.0,1.33,3.0
ολονυκτια ,2.5,2.5,1.0,1.0,1.5,2.5
ολονυχτια ,2.5,2.5,1.0,1.0,1.5,2.5
ομοιοπαθης ,1.0,1.0,1.0,1.0,1.0,2.5
ομοιοπαθες ,1.0,1.0,1.0,1.0,1.0,2.5
ομονοια ,1.0,1.0,1.0,3.0,1.0,2.67
ομορφονιος ,1.33,2.0,1.0,1.33,1.0,2.33
ομως ,1.0,1.0,1.0,1.0,1.0,1.0
ονειρο ,1.0,1.0,1.67,3.33,1.67,3.0
οπαδος ,2.5,2.5,1.0,1.0,1.0,1.0
οπερετα ,3.0,3.5,1.0,1.0,1.0,2.5
οπλισμος ,2.0,2.0,2.0,2.0,1.0,2.0
οργανικος ,1.0,2.0,1.0,1.0,1.0,1.0
οργανικη ,1.0,2.0,1.0,1.0,1.0,1.0
οργανικο ,1.0,2.0,1.0,1.0,1.0,1.0
ορδη ,3.0,2.0,2.5,1.0,1.0,2.5
ορεξατος ,1.0,1.0,1.0,3.75,1.0,2.75
ορθολογισμος ,1.0,1.0,1.0,3.0,1.0,3.0
ορνιο ,3.25,2.25,1.75,1.0,1.0,2.0
ορφανευω ,1.67,1.33,1.33,1.0,3.33,2.67
ορφανος ,1.67,1.33,1.33,1.0,3.33,2.67
οσκαρ ,1.0,1.0,1.0,4.0,1.0,5.0
οσμη ,1.0,3.5,1.0,3.5,1.0,3.5
οσφρηση ,1.0,1.0,1.0,2.0,1.0,4.0
οσφυοκαμπτης ,2.0,3.0,1.0,1.0,1.0,1.75
ουννος ,3.33,3.33,1.67,1.0,1.0,2.67
ουρακοταγκος ,2.75,3.25,1.5,1.0,1.0,2.25
ουρανια ,1.0,1.0,1.0,3.67,1.0,3.33
ουχι ,1.0,1.5,1.0,1.0,1.0,4.0
οφικιο ,1.67,2.67,1.0,1.0,1.0,1.33
οχετος ,3.0,3.25,1.0,1.0,1.0,2.0
οχι ,3.0,1.5,1.0,1.0,2.0,3.5
οχλος ,2.0,3.33,1.33,1.0,1.0,2.33
οχου ,2.5,3.25,1.0,1.75,2.0,2.0
παγερος ,2.0,2.5,2.5,1.0,1.0,3.0
παγερη ,2.0,2.5,2.5,1.0,1.0,3.0
παγερο ,2.0,2.5,2.5,1.0,1.0,3.0
παγωνω ,1.67,2.0,3.67,1.0,1.0,3.67
παζαρι ,1.5,3.0,1.0,1.0,1.0,1.5
παθαινω ,1.0,1.0,1.25,1.0,1.5,2.5
παθητικος ,1.5,3.0,1.0,1.0,1.0,2.0
παθητικη ,1.5,3.0,1.0,1.0,1.0,2.0
παθητικο ,1.5,3.0,1.0,1.0,1.0,2.0
παθιαζομαι ,2.33,1.33,1.67,2.33,1.0,3.33
παθος ,2.33,1.67,2.0,2.33,1.33,3.0
παιγνιδακι ,2.33,1.67,1.0,1.67,1.0,2.0
παιγνιδι ,2.0,2.0,1.0,2.0,1.0,3.0
παιδαριωδης ,1.75,2.25,1.0,1.0,1.0,2.0
παιδι ,2.0,2.5,1.0,2.5,1.0,3.0
παιδικος ,2.0,2.5,1.0,1.0,1.0,3.0
παιζω ,2.0,1.0,1.0,3.5,1.0,2.0
παιχνιδακι ,1.67,1.33,1.0,2.67,1.0,2.33
παιχνιδι ,1.0,1.0,1.0,3.5,1.0,4.0
παλαβιαρης ,2.33,2.67,1.67,1.67,1.33,3.0
παλαβρας ,2.67,2.67,1.67,1.67,1.33,3.67
παλαιοημερολογιτης ,2.5,3.5,1.0,1.0,1.0,3.0
παλαιοημερολογιτικος ,2.0,3.5,1.0,1.0,1.0,3.0
παλαιοντολογικος ,2.5,2.5,1.0,1.0,1.0,2.0
παλαντζας ,1.75,2.25,1.0,1.0,1.0,1.75
παλικαρας ,1.5,1.75,1.25,2.5,1.25,2.5
παλικαρι ,1.0,1.25,1.0,3.0,1.25,2.75
παλικαρια ,1.0,1.0,1.0,3.0,1.0,3.0
παλιοπαρεα ,1.33,1.33,1.0,3.67,1.0,2.67
παλιοχαρτο ,2.5,2.75,1.0,1.0,1.25,1.75
παλληκαρας ,1.5,1.75,1.25,2.25,1.25,2.25
παλληκαρια ,1.0,1.5,1.0,2.5,1.0,2.75
παλληκαρου ,1.5,1.75,1.0,2.25,1.25,2.5
παλλομαι ,1.0,1.0,2.0,3.5,1.0,3.0
παμφαγος ,1.0,1.0,1.0,2.5,1.0,3.5
Παναγια ,3.33,2.67,3.33,5.0,2.33,4.67
πανεμορφος ,1.0,1.0,1.0,4.25,1.0,3.0
πανεπιστημων ,1.67,3.0,1.0,1.0,1.0,2.0
πανηγυρι ,2.0,2.67,1.0,1.33,1.0,3.0
πανηγυριζω ,1.0,1.0,1.0,4.25,1.0,3.0
πανηγυρικος ,1.0,1.0,1.0,4.25,1.0,3.0
πανηγυρικη ,1.0,1.0,1.0,4.25,1.0,3.0
πανηγυρικο ,1.0,1.0,1.0,4.25,1.0,3.0
πανηγυρισμος ,1.0,1.0,1.0,4.25,1.0,3.0
πανηγυριτζης ,1.75,2.5,1.0,1.0,1.0,1.75
πανηγυριωτικος ,1.75,2.25,1.0,2.0,1.0,2.0
πανηγυρτζης ,1.75,2.5,1.0,1.0,1.0,1.75
πανθεο ,1.0,1.0,1.33,3.33,1.0,3.33
πανι ,2.0,2.0,4.5,1.0,1.0,1.5
πανικος ,1.75,1.75,4.0,1.0,1.25,3.75
παντογνωστης ,2.0,2.33,1.0,1.0,1.0,1.67
παντογνωστρια ,2.0,2.33,1.0,1.0,1.0,1.67
παπαδαριο ,2.67,3.0,1.0,1.0,1.0,2.0
παραγοντιζω ,1.5,2.0,1.0,1.0,1.0,1.5
παραθεριζω ,1.0,1.0,1.0,2.67,1.0,1.67
παραθερισμος ,1.0,1.0,1.0,2.67,1.0,1.67
παραισθηση ,1.33,1.67,2.0,1.0,1.0,2.67
παραιτω ,2.0,1.5,1.0,1.0,1.5,2.5
παρακεντες ,2.0,3.0,1.25,1.0,1.0,1.5
παρακρουση ,2.0,2.33,1.33,1.0,1.0,3.0
παραξενος ,1.67,2.0,2.0,1.0,1.0,3.33
παραξενη ,1.67,2.0,2.0,1.0,1.0,3.33
παραξενο ,1.67,2.0,2.0,1.0,1.0,3.33
παραπονο ,1.25,1.25,1.25,1.0,2.5,1.25
παρασταση ,1.0,1.0,1.0,2.0,1.0,2.5
παρατα ,3.25,1.75,1.0,1.0,1.25,2.5
παραφερομαι ,3.33,1.67,1.67,1.0,1.33,2.67
παραφορα ,3.0,1.33,1.67,1.0,1.33,2.67
παραφορος ,1.33,1.33,1.33,3.67,1.33,4.0
παραφορη ,1.33,1.33,1.33,3.67,1.33,4.0
παραφορο ,1.33,1.33,1.33,3.67,1.33,4.0
παρεα ,1.0,1.0,1.0,4.5,1.0,3.0
παρεισακτος ,2.0,2.67,1.33,1.0,1.33,2.0
παρεισακτη ,2.0,2.67,1.33,1.0,1.33,2.0
παρεισακτο ,2.0,2.67,1.33,1.0,1.33,2.0
παρεξηγηση ,2.0,1.5,1.0,1.0,1.0,3.5
παρορμηση ,1.67,1.33,1.33,1.0,1.0,3.33
παρταλι ,2.75,2.75,1.0,1.0,1.0,2.25
παρτσακλος ,2.75,2.75,1.0,1.0,1.0,2.25
πασαλειβω ,3.0,4.0,1.0,1.0,1.0,3.0
πασαλειφω ,3.0,4.0,1.0,1.0,1.0,3.0
πασπαρτου ,1.5,1.5,1.0,1.0,1.0,2.0
παστρικος ,2.0,2.5,1.0,1.25,1.0,1.75
παστωμα ,3.5,3.5,1.0,1.0,1.0,3.5
πασχω ,2.33,1.33,2.0,1.0,3.0,2.0
πατατας ,2.5,3.25,1.0,1.0,1.0,2.5
πατεντα ,1.0,1.0,1.0,3.0,1.0,4.0
πατεντατος ,1.0,1.33,1.0,2.0,1.0,1.67
πατερφαμιλιας ,1.0,2.0,1.0,2.5,1.0,3.0
πατερας ,1.0,1.0,1.0,5.0,1.0,4.0
πατερουλης ,1.0,1.0,1.0,3.5,1.0,2.5
πατριωτικος ,1.0,1.5,1.0,2.0,1.0,3.5
πατριωτικη ,1.0,1.5,1.0,2.0,1.0,3.5
πατριωτικο ,1.0,1.5,1.0,2.0,1.0,3.5
πατσαβουρα ,2.75,3.5,1.0,1.0,1.0,2.5
παχυδερμια ,1.5,3.0,1.0,1.0,1.0,2.25
παχυδερμισμος ,1.67,3.33,1.0,1.0,1.0,2.67
παχυδερμος ,1.75,3.25,1.25,1.0,1.0,2.25
παχυδερμη ,1.75,3.25,1.25,1.0,1.0,2.25
παχυδερμο ,1.75,3.25,1.25,1.0,1.0,2.25
πεζοδρομιο ,2.67,3.33,1.0,1.0,1.0,2.33
πεθαμενατζης ,1.67,3.0,2.33,1.0,1.67,1.67
πεθαμενατζιδικο ,1.67,3.0,2.33,1.0,1.67,1.67
πεινα ,2.0,1.75,2.25,1.0,2.25,2.0
πειναλας ,1.75,2.75,1.0,1.0,1.0,2.5
πειναλεος ,2.0,2.75,1.0,1.0,1.0,2.5
πεινω ,1.5,1.75,1.25,1.0,1.5,2.25
πειραζω ,2.5,1.75,1.25,1.25,1.75,2.0
πεκουνια ,1.5,2.5,1.0,1.0,1.0,2.5
πενθω ,1.0,1.25,1.75,1.0,4.5,1.5
πενταμορφος ,1.0,1.0,1.0,3.75,1.0,3.0
πεποιθηση ,1.0,1.0,1.0,3.0,1.0,4.0
περδικουλα ,1.0,1.0,2.67,2.67,1.33,4.0
περδομαι ,2.0,3.67,1.0,1.0,1.0,2.67
περιβαλλω ,1.0,1.0,1.0,3.0,1.0,2.5
περιγραφω ,1.0,1.0,1.0,2.0,1.0,3.0
περιεργος ,2.0,2.0,1.33,1.0,1.0,3.67
περιεργη ,2.0,2.0,1.33,1.0,1.0,3.67
περιεργο ,2.0,2.0,1.33,1.0,1.0,3.67
περικαλω ,1.33,1.33,1.0,1.0,1.0,1.33
περιπαθης ,1.33,2.33,1.0,2.0,1.0,2.33
περιπαθες ,1.33,2.33,1.0,2.0,1.0,2.33
περιποιουμαι ,1.33,1.33,1.0,3.0,1.0,2.67
περισπουδαστος ,1.0,1.67,1.0,1.0,1.0,1.67
περιττολογια ,1.33,1.67,1.0,1.0,1.0,1.33
περιφρονηση ,1.5,2.25,1.0,1.0,1.5,1.5
πεσκεσι ,1.0,1.67,1.0,2.0,1.33,2.0
πετρινος ,2.33,2.33,1.0,1.0,2.33,2.0
πετρινη ,2.33,2.33,1.0,1.0,2.33,2.0
πετρινο ,2.33,2.33,1.0,1.0,2.33,2.0
πετρωνω ,2.0,1.33,3.33,1.0,1.67,3.33
πετσι ,2.0,3.5,2.5,1.0,1.0,3.5
πηζω ,1.25,2.75,1.0,1.0,2.0,2.0
πηξιμο ,1.5,2.75,1.0,1.0,2.0,2.0
πιατικο ,2.0,2.0,1.0,1.0,1.0,2.0
πιεση ,2.33,2.0,1.67,1.0,1.0,2.0
πικα ,3.0,2.0,1.0,1.0,1.25,1.75
πικρα ,1.25,2.0,1.25,1.0,4.0,1.5
πικραινω ,1.25,1.75,1.25,1.0,4.25,1.75
πικραμενος ,1.5,1.75,1.25,1.0,4.25,1.5
πικραμενη ,1.5,1.75,1.25,1.0,4.25,1.5
πικραμενο ,1.5,1.75,1.25,1.0,4.25,1.5
πικρια ,1.5,1.75,1.25,1.0,4.25,1.5
πικριζω ,1.33,2.67,1.0,1.0,2.0,2.33
πικρισμα ,1.33,2.67,1.0,1.0,2.0,2.33
πικρος ,1.25,2.25,1.25,1.0,3.25,2.0
πικρη ,1.25,2.25,1.25,1.0,3.25,2.0
πικρο ,1.25,2.25,1.25,1.0,3.25,2.0
πιπα ,2.67,3.0,1.0,1.33,1.0,2.0
πλακα ,1.0,1.0,1.0,3.0,1.25,2.75
πλακωμα ,2.25,1.75,1.0,1.0,2.75,2.0
πλακωνω ,3.0,2.0,1.0,1.0,2.5,2.0
πλακωση ,1.25,1.75,1.25,1.0,3.0,2.0
πλανταζω ,1.25,1.75,1.25,1.0,3.75,2.75
πλασματικος ,1.0,2.0,1.0,1.0,1.0,3.0
πλασματικη ,1.0,2.0,1.0,1.0,1.0,3.0
πλασματικο ,1.0,2.0,1.0,1.0,1.0,3.0
πλεμπα ,2.25,3.5,1.0,1.0,1.0,2.0
πλημμυριζω ,2.5,1.5,2.5,3.0,2.0,3.0
πληξη ,1.0,1.75,1.5,1.0,1.75,2.0
πληρης ,1.0,1.0,1.0,4.5,1.0,2.0
πληρες ,1.0,1.0,1.0,4.5,1.0,2.0
πληττω ,1.5,2.0,1.75,1.0,1.75,2.0
πνιγω ,3.33,2.67,1.33,1.0,2.0,2.0
ποδι ,4.0,2.0,1.0,1.0,1.0,3.0
ποδοσφαιροποιηση ,2.33,2.67,1.0,1.0,1.0,2.0
ποθω ,1.0,1.0,1.0,3.5,1.0,2.25
ποιηση ,1.0,1.0,1.0,3.0,1.0,3.0
ποιον ,2.0,3.0,1.0,2.0,1.0,2.0
ποιοτητα ,1.5,1.5,1.0,2.5,1.0,3.0
πολιτικαντης ,2.25,3.0,1.0,1.0,1.0,1.25
πολιτικαντικος ,2.25,3.0,1.0,1.0,1.0,1.25
πολιτικαντισμος ,2.25,3.0,1.0,1.0,1.0,1.25
πολυξερος ,2.33,3.0,1.0,1.0,1.0,2.67
ποναω ,1.25,1.75,2.0,1.0,2.75,2.25
πονοκεφαλιαζω ,1.25,2.75,1.0,1.0,1.75,2.5
πονος ,1.25,1.75,2.0,1.0,2.5,2.25
ποντικοκουραδο ,3.0,4.33,1.0,1.0,1.0,3.0
πορνογραφια ,2.0,3.0,1.0,1.0,1.0,2.33
πουσταρας ,4.0,4.5,1.0,1.0,1.0,2.5
πουσταριο ,4.0,4.5,1.0,1.0,1.0,2.25
πουστης ,4.75,4.5,2.0,2.0,2.25,3.75
πουτσαρας ,3.25,3.5,1.0,1.5,1.0,2.5
πουτσος ,4.33,4.0,1.0,2.0,1.0,3.67
πραγματισμος ,1.0,1.5,1.0,2.0,1.0,3.0
πραγματιστης ,1.0,2.0,1.0,2.0,1.0,3.5
πραιτοριανος ,2.0,3.5,1.0,1.0,1.0,2.0
πρακτορειο ,2.0,2.0,1.0,1.0,1.0,2.0
πρακτορευση ,1.5,3.0,1.0,1.0,1.0,2.0
πρακτορευω ,1.5,3.0,1.0,1.0,1.0,2.0
προαιρεση ,1.0,1.0,1.0,2.33,1.0,2.33
προαισθανομαι ,1.0,1.0,2.33,2.0,1.33,2.33
προαισθημα ,1.0,1.0,2.33,2.0,1.33,3.0
προαισθηση ,1.0,1.0,2.33,2.0,1.33,3.0
προβλεπω ,1.0,1.0,2.0,3.5,1.5,4.0
προβλεψη ,1.0,1.0,2.0,3.5,1.5,3.5
προβολη ,1.0,1.0,1.0,3.0,1.0,3.0
προελευση ,1.0,1.5,1.0,2.5,1.0,3.5
προκοβω ,1.67,1.67,1.0,2.67,1.0,3.0
προκομμενος ,1.0,1.33,1.0,3.33,1.0,3.0
προκοπη ,1.67,1.33,1.0,3.0,1.0,3.0
προμαντεμα ,1.0,1.0,2.0,2.0,1.5,2.5
προμαντευω ,1.0,1.0,2.0,2.0,1.5,2.5
προμηνυμα ,1.0,1.0,2.0,2.0,1.5,3.0
προσευχη ,1.0,1.0,2.0,3.0,1.5,2.5
προσηλυτος ,1.5,2.5,1.0,1.0,1.0,2.5
προσκυνημα ,2.0,3.0,1.0,1.5,1.5,2.5
προσκυνω ,1.67,2.0,1.0,2.0,1.0,2.33
προσοψη ,2.0,2.0,1.0,1.0,1.0,2.0
προσπαθω ,1.0,1.0,1.0,4.0,1.0,4.0
προσποιηση ,2.0,2.5,1.0,1.0,1.0,2.5
προσποιητος ,1.67,2.67,1.0,1.0,1.0,2.33
προσποιητη ,1.67,2.67,1.0,1.0,1.0,2.33
προσποιητο ,1.67,2.67,1.0,1.0,1.0,2.33
προστατευω ,1.0,1.0,1.0,3.0,1.0,2.33
προστατης ,1.0,1.33,1.33,3.0,1.0,2.33
προστατιδα ,1.0,1.33,1.33,3.0,1.0,2.33
προστατις ,1.0,1.33,1.33,3.0,1.0,2.33
προστατρια ,1.0,1.33,1.33,3.0,1.0,2.33
προσυμφωνω ,2.5,2.0,1.0,1.0,1.0,3.0
προσφερω ,1.0,1.0,1.0,4.0,1.0,2.5
προσωπειο ,3.0,3.0,2.0,1.0,1.0,3.5
προσωπιδα ,3.0,3.0,2.0,1.0,1.0,3.5
προφεσορας ,2.0,2.67,1.0,1.0,1.0,2.33
προφητης ,3.0,3.0,1.0,1.0,1.0,3.0
προφητισσα ,3.0,3.0,1.0,1.0,1.0,3.0
προχειρος ,1.33,1.67,1.0,1.0,1.0,2.0
πρωην ,3.0,4.0,1.0,1.0,1.0,3.0
πρωτακι ,1.0,1.67,1.0,2.33,1.0,3.0
πρωτογνωρος ,1.0,1.0,1.0,2.67,1.0,3.67
πρωτογνωρη ,1.0,1.0,1.0,2.67,1.0,3.67
πρωτογνωρο ,1.0,1.0,1.0,2.67,1.0,3.67
πρωτοπαλικαρο ,1.0,1.33,1.0,2.67,1.0,2.67
πυρα ,1.0,1.0,1.0,3.5,1.0,4.0
πυργοδεσποινα ,1.33,2.33,1.0,1.0,1.0,1.67
πυργοδεσποτης ,1.33,2.33,1.0,1.0,1.0,1.67
πυρετος ,2.5,2.0,2.0,1.0,1.0,2.5
πυρινος ,1.33,1.67,1.0,1.0,1.0,2.67
πυρινη ,1.33,1.67,1.0,1.0,1.0,2.67
πυρινο ,1.33,1.67,1.0,1.0,1.0,2.67
πυρπολω ,3.0,2.0,2.0,1.0,1.0,3.0
πυρωνω ,2.5,3.0,2.0,1.0,1.0,3.0
πυρωση ,2.0,2.33,1.67,1.33,1.0,2.67
πωρωνω ,1.75,1.5,1.5,1.5,1.0,2.75
πωρωση ,1.5,1.0,1.5,2.5,1.0,2.75
ραβασακι ,1.33,2.0,1.0,1.33,1.0,2.33
ραγιαδικος ,2.0,3.0,1.67,1.0,1.33,2.0
ραγιαδικη ,2.0,3.0,1.67,1.0,1.33,2.0
ραγιαδικο ,2.0,3.0,1.67,1.0,1.33,2.0
ραγιαδισμος ,2.0,3.0,1.67,1.0,1.33,2.0
ραγιας ,2.25,2.75,1.5,1.0,1.25,1.75
ραγιζω ,1.33,1.33,1.67,1.0,3.67,2.33
ραλιστας ,1.0,3.0,1.0,1.0,1.0,2.0
ραμολης ,2.0,3.25,1.0,1.0,1.0,2.0
ραμολι ,2.0,3.25,1.0,1.0,1.0,2.0
ραμολιμεντο ,2.0,3.25,1.0,1.0,1.0,1.75
ρεβεραντζα ,1.67,3.0,1.0,1.0,1.33,1.67
ρεμπεσκες ,1.5,3.25,1.0,1.0,1.0,1.5
ρεταλακι ,2.0,3.0,1.0,1.0,1.0,3.0
ρεταλι ,1.67,3.67,1.0,1.0,1.0,2.33
ρετσετα ,1.0,2.0,1.0,1.0,1.0,2.33
ρημαδα ,2.75,2.25,1.0,1.0,1.5,2.5
ρημαδι ,2.75,2.25,1.0,1.0,1.5,2.5
ρητορεια ,2.0,2.0,1.0,1.0,1.0,4.0
ριγω ,1.25,1.75,3.25,1.0,3.5,2.75
ροδινος ,1.0,1.0,1.0,3.25,1.0,2.25
ροδινη ,1.0,1.0,1.0,3.25,1.0,2.25
ροδινο ,1.0,1.0,1.0,3.25,1.0,2.25
ρομαντζα ,1.0,1.25,1.0,2.5,1.0,2.25
ρομαντικος ,1.0,1.0,1.0,3.25,1.0,2.5
ρομαντικη ,1.0,1.0,1.0,3.25,1.0,2.5
ρομαντικο ,1.0,1.0,1.0,3.25,1.0,2.5
ρομαντισμος ,1.0,1.0,1.0,3.25,1.0,2.0
ροτα ,1.0,1.0,1.0,3.0,1.0,3.0
ρουφηχτρα ,3.0,3.5,2.0,1.0,1.0,3.0
ρουφιανος ,3.5,4.25,2.0,1.0,1.0,2.5
ρωμαιικος ,1.0,1.0,1.0,3.0,1.0,3.5
ρωμια ,1.0,1.0,1.0,3.0,1.0,3.5
ρωμιος ,1.0,1.0,1.0,3.0,1.0,3.5
Ρωμιος ,1.0,1.0,1.0,3.0,1.0,3.5
ρωμιοσυνη ,1.0,1.0,1.0,2.67,1.0,2.67
σαβουρα ,2.5,3.5,1.0,1.0,1.0,2.25
σαδισμος ,1.33,2.67,1.33,1.0,1.0,2.67
σαδιστης ,2.0,3.0,1.67,1.0,1.0,2.67
σαδιστικος ,2.0,3.0,1.67,1.0,1.0,2.67
σαδιστικη ,2.0,3.0,1.67,1.0,1.0,2.67
σαδιστικο ,2.0,3.0,1.67,1.0,1.0,2.67
σαινι ,1.0,1.25,1.0,3.0,1.0,3.25
σακατιλικι ,1.67,2.67,1.33,1.0,1.33,2.33
σακατισσα ,2.0,2.67,1.33,1.0,1.33,2.33
σαλιαριζω ,1.5,3.5,1.0,1.0,1.0,2.25
σαλιαρισμα ,1.5,3.5,1.0,1.0,1.0,2.25
σαμιαμιδι ,2.0,3.0,1.0,1.0,1.0,2.67
σαμιαμιθι ,2.0,3.0,1.0,1.0,1.0,2.67
σαντεζα ,1.5,2.75,1.0,1.0,1.0,2.0
σαπουνοπερα ,1.75,2.75,1.0,1.0,1.0,1.75
σαραβαλο ,1.75,2.5,1.0,1.0,1.0,2.0
σαρκα ,2.5,3.0,1.0,1.0,1.0,2.5
σαρκιο ,3.0,3.0,1.0,1.0,1.0,2.5
σαρξ ,3.0,3.0,1.0,1.0,1.0,2.5
σαστιζω ,1.0,1.25,2.25,1.0,1.5,4.5
σαστισμενος ,1.0,1.25,2.25,1.0,1.5,4.5
σαστισμενη ,1.0,1.25,2.25,1.0,1.5,4.5
σαστισμενο ,1.0,1.25,2.25,1.0,1.5,4.5
σβιγκος ,1.5,3.5,1.0,1.0,1.0,2.5
σεβασμος ,1.0,1.0,1.0,2.5,1.0,2.25
σεβομαι ,1.0,1.0,1.0,2.5,1.0,2.0
σεμνυνομαι ,1.0,1.0,1.0,2.75,1.0,2.25
σερνω ,1.67,2.0,1.33,1.0,1.67,1.33
σιγουρια ,1.0,1.0,1.0,3.5,1.0,2.0
σιγω ,1.0,1.0,1.67,1.0,1.33,2.0
σιλικονατος ,1.5,2.5,1.0,1.0,1.0,2.0
σιναφι ,2.0,3.25,1.5,1.0,1.0,1.75
σιροπιαζω ,1.0,3.0,1.0,1.0,1.0,1.5
σιτεμενος ,2.0,2.67,1.0,1.0,1.0,2.0
σιτευω ,2.0,3.0,1.0,1.0,1.0,2.5
σιχαινομαι ,2.75,4.75,1.0,1.0,1.0,2.0
σιχαμαρα ,2.5,4.75,1.0,1.0,1.0,2.0
σιχασια ,2.5,4.75,1.0,1.0,1.0,2.0
σιωπη ,1.0,1.0,1.5,1.0,1.0,2.5
σιωπω ,1.0,1.0,1.67,1.0,1.33,2.0
σκανδαλιζω ,1.0,2.0,1.0,1.0,1.0,2.75
σκανδαλιστικος ,1.0,2.0,1.0,1.0,1.0,2.75
σκανδαλιστικη ,1.0,2.0,1.0,1.0,1.0,2.75
σκανδαλιστικο ,1.0,2.0,1.0,1.0,1.0,2.75
σκασμος ,3.5,2.5,1.0,1.0,1.0,3.0
σκατα ,3.5,4.5,1.25,1.0,1.5,3.25
σκατακια ,3.0,4.33,1.0,1.0,1.0,3.0
σκατενιος ,4.25,4.75,1.0,1.0,1.0,2.5
σκατης ,3.0,4.5,1.0,1.0,1.0,2.75
σκατιλα ,3.25,4.75,1.0,1.0,1.25,3.0
σκατο ,3.25,4.25,1.0,1.0,1.0,2.5
σκατογερος ,4.0,4.25,1.0,1.0,1.0,2.5
σκατογρια ,4.0,4.25,1.0,1.0,1.0,2.5
σκατοδουλεια ,3.5,3.75,1.0,1.0,1.25,2.5
σκατολογα ,4.33,4.0,1.0,1.0,1.0,3.0
σκατουλα ,4.0,4.67,1.0,1.0,1.0,3.0
σκατουλακι ,3.0,4.67,1.0,1.33,1.0,3.0
σκατουλι ,3.0,4.33,1.0,1.33,1.0,3.0
σκατουλιτσα ,3.0,4.33,1.0,1.33,1.0,3.0
σκατωνω ,3.67,4.67,1.0,1.0,1.67,3.67
σκαω ,3.5,2.5,1.0,1.0,1.0,3.0
σκελετος ,1.5,3.5,2.0,1.0,1.0,4.0
σκιρτημα ,1.0,1.0,1.0,3.75,1.0,3.25
σκιρτω ,1.0,1.0,1.0,3.75,1.0,3.25
σκλαβια ,2.0,2.5,2.0,1.0,1.5,2.0
σκλαβος ,2.0,2.5,2.0,1.0,1.5,1.75
σκλαβωνω ,2.0,2.5,2.0,2.5,1.25,2.25
σκοτιζω ,1.75,1.75,1.0,1.0,1.5,2.25
σκουριαζω ,1.67,2.67,1.0,1.0,1.0,2.33
σκυλαραπας ,3.25,4.5,1.75,1.0,1.0,2.25
σκυλι ,2.0,1.33,1.0,2.33,1.0,3.0
σκυλολοι ,2.75,3.5,1.5,1.0,1.0,2.25
σκυλομουρης ,2.75,3.25,1.5,1.0,1.0,2.25
σμπαραλιαζω ,1.5,1.75,1.0,1.0,2.5,2.0
σοι ,2.0,2.0,1.0,1.0,1.0,2.5
σοκαρω ,1.0,2.0,1.5,1.0,1.5,3.75
σουαρε ,1.0,2.0,1.0,1.0,1.0,2.0
σουβλια ,1.33,2.33,1.67,1.0,1.67,3.33
σουλιμας ,1.67,2.33,1.0,1.0,1.0,1.67
σουρεαλ ,1.0,1.67,1.0,1.0,1.0,3.0
σουρεαλιστικος ,1.0,1.67,1.0,1.0,1.0,2.67
σουτ ,2.33,1.33,1.0,1.0,1.0,3.33
σουταρω ,2.33,1.33,1.0,1.0,1.0,2.67
σουφραζετα ,1.5,2.5,1.0,1.0,1.0,2.0
σοφια ,1.0,1.0,1.0,3.5,1.0,4.0
σοφολογιοτατος ,1.0,1.0,1.0,2.67,1.0,3.0
σπαραζω ,1.75,2.0,1.0,1.0,4.0,2.75
σπαραξικαρδιος ,1.0,1.75,1.0,1.0,4.25,2.25
σπαραχτικος ,1.0,1.75,1.0,1.0,4.25,2.75
σπαραχτικη ,1.0,1.75,1.0,1.0,4.25,2.75
σπαραχτικο ,1.0,1.75,1.0,1.0,4.25,2.75
σπιτι ,1.0,1.0,1.0,5.0,1.0,3.0
σπιτωνω ,2.33,1.67,1.0,1.0,1.0,2.67
σπλαχνικος ,1.0,1.0,1.0,2.25,1.75,2.25
σπλαχνικη ,1.0,1.0,1.0,2.25,1.75,2.25
σπλαχνικο ,1.0,1.0,1.0,2.25,1.75,2.25
σπλαχνο ,1.0,1.0,1.0,3.67,1.0,3.0
σπουδαιολογημα ,1.0,2.33,1.0,1.0,1.0,1.67
σπουδαιολογια ,1.0,2.33,1.0,1.0,1.0,1.67
σπουδαιος ,1.0,1.0,1.0,3.33,1.0,3.33
σταλαζω ,1.0,1.67,1.0,1.67,1.33,1.33
στατικος ,1.0,1.67,1.0,1.0,1.0,1.33
στατικη ,1.0,1.67,1.0,1.0,1.0,1.33
στατικο ,1.0,1.67,1.0,1.0,1.0,1.33
σταχτοπουτα ,2.0,2.33,1.0,1.0,1.33,3.0
στεγνα ,1.0,2.5,1.0,1.0,1.0,2.0
στεγνος ,1.5,2.5,1.0,1.0,1.0,2.0
στεγνη ,1.5,2.5,1.0,1.0,1.0,2.0
στεγνο ,1.5,2.5,1.0,1.0,1.0,2.0
στεγνωνω ,1.0,2.5,1.0,1.0,1.0,1.5
στεκα ,2.0,2.67,1.0,1.0,1.0,2.33
στεναχωρος ,1.0,1.25,1.0,1.0,2.75,1.75
στεναχωρη ,1.0,1.25,1.0,1.0,2.75,1.75
στεναχωρο ,1.0,1.25,1.0,1.0,2.75,1.75
στενοχωρημενος ,1.0,1.25,1.0,1.0,3.25,1.75
στενοχωρημενη ,1.0,1.25,1.0,1.0,3.25,1.75
στενοχωρημενο ,1.0,1.25,1.0,1.0,3.25,1.75
στενοχωρια ,1.0,1.25,1.0,1.0,3.25,1.75
στενοχωρος ,1.0,1.25,1.0,1.0,3.25,1.75
στενοχωρη ,1.0,1.25,1.0,1.0,3.25,1.75
στενοχωρο ,1.0,1.25,1.0,1.0,3.25,1.75
στενοχωρω ,1.0,1.25,1.0,1.0,3.25,1.75
στερεοτυπος ,1.0,2.0,1.0,1.0,1.0,1.5
στερεοτυπη ,1.0,2.0,1.0,1.0,1.0,1.5
στερεοτυπο ,1.0,2.0,1.0,1.0,1.0,1.5
στερηση ,1.0,1.67,1.0,1.0,2.33,1.33
στερια ,1.0,1.0,2.0,4.0,1.0,3.0
στερω ,1.0,1.33,1.0,1.0,2.33,1.33
στηθοκοπιεμαι ,1.5,1.5,1.0,1.0,2.5,2.0
στιλακι ,1.67,2.33,1.0,1.67,1.0,2.67
στιλιζαρισμα ,1.0,2.33,1.0,1.0,1.0,2.33
στιλιζαρω ,1.0,2.33,1.0,1.0,1.0,2.33
στιφη ,3.0,2.67,1.33,1.0,1.0,2.0
στολιδι ,1.0,1.0,1.0,2.75,1.0,2.25
στομαχι ,1.0,3.5,1.5,1.0,1.5,1.5
στομωμα ,1.5,2.5,1.0,1.0,1.0,1.5
στοργη ,1.0,1.0,1.0,3.75,1.0,2.0
στοργικος ,1.0,1.0,1.0,3.75,1.0,2.0
στοργικη ,1.0,1.0,1.0,3.75,1.0,2.0
στοργικο ,1.0,1.0,1.0,3.75,1.0,2.0
στουμπος ,2.0,2.67,1.0,1.0,1.0,2.0
στουμπωνω ,1.67,2.67,1.0,1.0,1.0,2.0
στουπι ,2.0,3.33,1.33,1.67,1.0,2.33
στουρναρι ,2.75,2.75,1.0,1.0,1.0,2.25
στουρνος ,2.75,2.75,1.0,1.0,1.0,2.25
στραβαδι ,2.5,2.5,1.0,1.0,1.0,2.25
στραβοκανης ,2.25,2.5,1.0,1.0,1.0,2.0
στραβοκατινιαζω ,2.33,2.67,1.0,1.0,1.0,2.33
στραβος ,2.33,2.33,1.0,1.0,1.0,2.33
στραβουλιακας ,3.0,2.5,1.0,1.0,1.0,2.25
στραβωμαρα ,2.5,2.5,1.0,1.0,1.0,2.5
στραγγαλιζω ,4.0,2.33,1.0,1.0,1.0,2.67
στρατιωτακι ,2.33,2.67,1.0,1.0,1.0,2.0
στρατιωτης ,2.0,2.0,1.0,1.0,1.0,2.5
στρατιωτινα ,2.0,2.5,1.0,1.0,1.0,2.5
στρατολογια ,1.0,2.0,1.0,1.0,1.0,2.0
στρατος ,3.0,2.0,1.5,1.0,1.0,2.5
στρεβλος ,1.67,2.33,1.0,1.0,1.0,1.67
στρεβλη ,1.67,2.33,1.0,1.0,1.0,1.67
στρεβλο ,1.67,2.33,1.0,1.0,1.0,1.67
στρογγυλοκαθομαι ,2.33,2.67,1.0,1.0,1.0,2.33
στυγνος ,1.75,2.5,2.0,1.0,1.25,2.0
στυγνη ,1.75,2.5,2.0,1.0,1.25,2.0
στυγνο ,1.75,2.5,2.0,1.0,1.25,2.0
στυφος ,1.5,2.5,1.0,1.0,1.75,1.75
στυφη ,1.5,2.5,1.0,1.0,1.75,1.75
στυφο ,1.5,2.5,1.0,1.0,1.75,1.75
συγγενης ,1.0,1.0,1.0,3.5,1.0,3.5
συγκεχυμενος ,1.0,1.33,1.33,1.0,1.0,2.0
συγκεχυμενη ,1.0,1.33,1.33,1.0,1.0,2.0
συγκεχυμενο ,1.0,1.33,1.33,1.0,1.0,2.0
συγκινηση ,1.0,1.0,1.0,3.75,2.5,2.75
συγκινω ,1.0,1.0,1.0,3.75,2.5,2.75
συγκρυο ,1.5,2.25,2.5,1.0,1.75,2.75
συγχωρω ,1.0,1.0,1.0,3.0,1.0,3.0
συλλυπουμαι ,1.0,1.25,1.0,1.0,3.5,2.0
συμβια ,2.5,2.0,1.0,1.0,1.0,2.0
συμβολισμος ,1.0,1.0,1.0,3.0,1.0,2.0
συμμεριζομαι ,1.0,1.0,1.0,2.67,1.0,2.0
συμμετεχω ,1.0,1.0,1.0,3.5,1.0,3.0
συμμετοχη ,1.0,1.0,1.0,3.5,1.0,3.0
συμμοριτης ,2.33,2.67,1.67,1.0,1.0,2.33
συμμοριτισσα ,2.33,2.67,1.67,1.0,1.0,2.33
συμμοριτοπολεμος ,2.33,2.67,1.67,1.0,1.0,2.33
συμπαθεια ,1.0,1.0,1.0,3.5,1.0,2.25
συμπαθης ,1.0,1.0,1.0,3.5,1.0,2.25
συμπαθες ,1.0,1.0,1.0,3.5,1.0,2.25
συμπαθητικος ,1.0,1.0,1.0,3.5,1.0,2.25
συμπαθητικη ,1.0,1.0,1.0,3.5,1.0,2.25
συμπαθητικο ,1.0,1.0,1.0,3.5,1.0,2.25
συμπαθω ,1.0,1.0,1.0,3.5,1.0,2.25
συμπασχω ,1.0,1.0,1.0,2.25,2.25,2.25
συμπλεγμα ,1.33,2.0,1.67,1.0,1.33,2.0
συμπονια ,1.0,1.0,1.0,2.0,2.0,2.0
συμπονω ,1.0,1.0,1.0,2.0,2.0,2.0
συμπραξη ,1.0,1.0,1.0,2.0,1.0,2.5
συμπτωμα ,1.0,2.5,2.0,1.0,1.0,2.0
συμφυης ,1.0,1.5,1.0,2.5,1.0,2.0
συμφυες ,1.0,1.5,1.0,2.5,1.0,2.0
συναγωνιζομαι ,1.0,1.0,1.0,4.0,1.0,3.5
συναισθανομαι ,1.67,1.67,1.67,3.67,1.67,3.0
συναισθημα ,1.67,1.67,1.67,3.67,1.67,3.0
συναισθηματικος ,1.5,1.5,1.5,3.0,1.5,2.5
συναισθηματικη ,1.5,1.5,1.5,3.0,1.5,2.5
συναισθηματικο ,1.5,1.5,1.5,3.0,1.5,2.5
συναισθηματικοτητα ,1.5,1.5,1.5,3.0,1.5,2.5
συναισθηματισμος ,1.5,1.5,1.5,3.0,1.5,2.5
συναισθηση ,1.67,1.67,1.67,3.33,1.67,3.0
συναισθησια ,1.67,1.67,1.67,3.33,1.67,3.0
συναιτερος ,1.5,1.5,1.0,2.0,1.0,2.0
συνδεδεμενος ,1.0,1.0,1.0,3.0,1.0,2.5
συνδεδεμενη ,1.0,1.0,1.0,3.0,1.0,2.5
συνδεδεμενο ,1.0,1.0,1.0,3.0,1.0,2.5
συνδεσμος ,1.0,1.0,1.0,3.0,1.0,2.33
συνδεω ,1.0,1.0,1.0,3.0,1.0,2.0
συνειδηση ,1.0,1.0,1.0,2.67,1.0,2.33
συνειδητος ,1.0,1.0,1.0,1.0,1.0,1.0
συνειδητη ,1.0,1.0,1.0,1.0,1.0,1.0
συνειδητο ,1.0,1.0,1.0,1.0,1.0,1.0
συνειρμος ,1.0,1.0,1.0,1.0,1.0,2.5
συνεπαιρνω ,1.0,1.0,1.0,4.0,1.0,3.0
συνεσταλμενος ,1.0,1.25,1.5,1.5,1.5,1.75
συνεσταλμενη ,1.0,1.25,1.5,1.5,1.5,1.75
συνεσταλμενο ,1.0,1.25,1.5,1.5,1.5,1.75
συνεταιρακι ,1.0,1.0,1.0,3.0,1.0,2.25
συνεταιρος ,1.0,1.5,1.0,2.5,1.0,2.5
συνετος ,1.0,1.0,1.0,2.33,1.0,2.0
συνετη ,1.0,1.0,1.0,2.33,1.0,2.0
συνετο ,1.0,1.0,1.0,2.33,1.0,2.0
συνθημα ,1.0,1.5,1.0,2.0,1.0,2.0
συννεφο ,1.0,1.25,1.75,1.0,2.0,2.0
συνοδεια ,1.0,2.0,1.0,2.0,1.0,3.0
συνοδοιπορος ,1.0,1.0,1.0,3.5,1.0,2.0
συνοικεσιο ,1.0,2.5,1.0,1.0,1.0,3.0
συνομοταξια ,1.5,3.0,1.0,1.0,1.0,2.5
συνταγη ,1.0,2.0,1.0,1.0,1.0,2.0
συνταξιουχος ,1.0,2.0,1.0,1.0,1.0,1.5
συντετριμμενος ,1.0,1.33,1.33,1.0,2.33,3.0
συντετριμμενη ,1.0,1.33,1.33,1.0,2.33,3.0
συντετριμμενο ,1.0,1.33,1.33,1.0,2.33,3.0
συντεχνια ,2.0,3.0,1.0,1.0,1.0,2.0
συντεχνιακος ,2.0,3.0,1.0,1.0,1.0,2.0
συντηρητικος ,1.0,3.0,1.0,1.0,1.0,2.5
συντροφευω ,1.0,1.0,1.0,2.25,1.0,1.75
συντροφι ,1.33,2.33,1.0,1.33,1.0,2.0
συντροφισσα ,1.25,2.0,1.0,1.25,1.0,1.75
συντροφος ,1.0,1.25,1.0,2.75,1.0,2.0
συρφετος ,1.67,3.0,1.33,1.0,1.0,2.0
συστελλομαι ,1.0,1.0,2.33,1.0,1.0,1.33
συστηματικος ,1.0,1.0,1.0,3.0,1.0,3.0
σφιγγω ,1.25,1.75,2.5,1.25,1.5,2.0
σφιξιμο ,1.0,1.75,2.5,1.0,2.25,2.25
σφοδρα ,1.0,2.33,2.33,2.0,1.0,2.0
σφουγγαροπανο ,1.67,3.0,1.0,1.0,1.67,2.33
σφυριζω ,1.0,2.0,1.0,1.5,1.0,3.0
σφυροκοπω ,1.5,2.0,1.0,1.0,1.0,2.0
σχετικος ,1.0,1.0,1.0,2.33,1.0,2.0
σχετικη ,1.0,1.0,1.0,2.33,1.0,2.0
σχετικο ,1.0,1.0,1.0,2.33,1.0,2.0
σχηματικος ,1.0,1.5,1.0,2.0,1.0,1.0
σχολαστικος ,1.0,1.67,1.0,1.0,1.0,1.33
σωσιβιο ,1.0,1.0,1.0,2.67,1.0,2.0
σωφρων ,1.0,1.0,1.0,2.33,1.0,2.33
σωφρον ,1.0,1.0,1.0,2.33,1.0,2.33
ταβερνειο ,1.5,2.5,1.0,1.0,1.0,1.5
ταβερνοβιος ,1.5,2.25,1.0,1.0,1.0,1.5
ταδοπουλος ,2.0,2.0,1.0,1.0,1.0,1.33
ταλεντο ,1.0,1.0,1.0,3.0,1.0,3.33
ταμα ,1.0,1.0,1.0,2.0,1.0,1.0
ταξη ,1.0,1.0,1.0,2.67,1.0,2.33
ταξιδακι ,1.0,1.0,1.0,4.0,1.0,3.33
ταξιδι ,1.0,1.0,1.0,3.0,1.0,3.0
ταρατατζουμ ,1.0,2.0,1.0,1.33,1.33,3.0
ταριφα ,1.67,2.0,1.0,1.0,1.0,2.0
ταριφας ,2.0,2.67,1.0,1.0,1.0,2.0
ταση ,1.0,2.0,1.0,2.5,1.0,2.0
τελειος ,1.0,1.0,1.0,4.67,1.0,3.33
τεμπελοσκυλο ,2.0,3.0,1.0,1.0,1.0,2.0
τενεκες ,2.67,3.33,1.0,1.0,1.0,2.67
τερμινο ,2.0,2.0,1.0,1.0,1.0,1.5
τερψη ,1.0,1.0,1.0,4.0,1.0,2.0
τερψιλαρυγγια ,1.0,1.75,1.0,1.5,1.0,2.0
τετοιος ,3.0,3.0,1.0,1.0,1.0,3.0
τεφτερι ,2.5,2.5,1.0,1.0,1.0,2.5
τεχνηεντως ,1.0,2.0,1.0,1.0,1.0,1.33
τεχνοκρατης ,1.5,2.5,1.0,1.0,1.0,2.0
τζιτζιφιογκος ,1.75,2.75,1.0,1.0,1.0,2.0
τζοβαιρι ,1.0,1.0,1.0,3.25,1.0,2.25
τζοβενο ,2.0,2.67,1.0,1.0,1.0,2.33
τηλεγραφοξυλο ,1.67,2.33,1.0,1.0,1.0,2.0
τιτιζης ,1.67,2.33,1.0,1.0,1.0,2.0
τομαρι ,2.75,3.5,1.0,1.0,1.0,2.0
τοποτηρητης ,2.0,3.0,1.0,1.0,1.0,1.5
τουβουλα ,1.0,2.25,1.0,1.0,1.0,1.25
τουρκαλας ,2.75,3.0,2.0,1.0,1.0,2.0
τουρκια ,2.25,3.0,1.75,1.0,1.0,2.0
τουρκομεριτης ,2.0,3.0,1.5,1.0,1.0,2.0
τουρκομπαροκ ,2.0,3.5,1.0,1.0,1.0,3.0
τουρκοσπορος ,3.25,3.75,1.0,1.0,1.0,2.25
τουρλωνω ,1.0,3.0,1.0,1.0,1.0,2.5
τραβηγμα ,1.0,2.5,1.0,1.0,1.0,1.5
τραβω ,1.0,2.0,2.0,1.0,3.0,1.0
τραγικος ,2.5,3.0,1.5,1.0,2.0,2.25
τραγικη ,2.5,3.0,1.5,1.0,2.0,2.25
τραγικο ,2.5,3.0,1.5,1.0,2.0,2.25
τραγογενης ,3.67,3.33,1.0,1.0,1.0,2.0
τραγοπαπας ,4.0,3.67,1.0,1.0,1.0,2.33
τραγος ,4.0,3.67,1.0,1.0,1.0,2.33
τραλαλα ,1.67,1.67,1.0,1.67,1.0,3.0
τραμπακουλο ,1.33,2.67,1.67,1.0,1.0,1.67
τρελαδικο ,2.67,2.0,1.0,1.0,1.0,3.33
τρελογιατρος ,1.67,2.0,1.0,1.0,1.0,2.0
τρελος ,2.25,1.75,1.5,2.5,1.0,2.5
τρελη ,2.25,1.75,1.5,2.5,1.0,2.5
τρελο ,2.25,1.75,1.5,2.5,1.0,2.5
τρεμαμενος ,2.25,1.25,3.5,1.75,2.0,2.0
τρεμαμενη ,2.25,1.25,3.5,1.75,2.0,2.0
τρεμαμενο ,2.25,1.25,3.5,1.75,2.0,2.0
τρεφω ,1.0,1.0,1.0,2.0,1.0,2.0
τριο ,1.0,2.0,1.0,1.0,1.0,1.33
τριτοκοσμικος ,1.5,3.25,1.0,1.0,2.25,1.75
τριχα ,1.67,2.67,1.0,1.0,1.0,1.67
τριχοτομηση ,1.0,2.0,1.0,1.0,1.0,1.0
τρομαζω ,1.25,1.25,3.75,1.0,1.25,3.5
τρυγονα ,1.0,1.0,1.0,2.75,1.0,2.0
τρυγονακι ,1.0,1.0,1.0,2.75,1.0,2.25
τρυγονι ,1.0,1.0,1.0,3.33,1.0,2.33
τρυπα ,1.0,2.0,1.0,1.0,1.5,2.5
τρυπω ,1.0,2.33,1.0,1.0,1.33,1.33
τρυφερος ,1.0,1.0,1.0,3.75,1.0,2.25
τρυφερη ,1.0,1.0,1.0,3.75,1.0,2.25
τρυφερο ,1.0,1.0,1.0,3.75,1.0,2.25
τρυφεροτητα ,1.0,1.0,1.0,3.75,1.0,2.25
τσαγκαροδευτερα ,1.0,1.75,1.0,1.0,1.5,1.5
τσακιδια ,4.0,3.25,1.0,1.0,1.25,2.0
τσακιζω ,3.25,3.0,1.25,1.0,2.0,2.0
τσαρλατανος ,2.0,2.67,1.0,1.0,1.0,2.33
τσιγγαναριο ,2.5,3.25,1.25,1.0,1.0,2.0
τσιγγανος ,2.67,2.67,1.0,1.0,1.0,2.33
τσιμεντουπολη ,1.33,2.67,1.0,1.0,1.67,1.67
τσιμπουκι ,3.33,3.67,1.0,1.67,1.67,3.0
τσιρακι ,2.25,3.25,1.0,1.0,1.0,1.75
τσομπανης ,2.0,3.0,1.0,1.0,1.0,1.5
τσομπανος ,2.0,3.0,1.0,1.0,1.0,1.5
τσοπανης ,2.0,3.0,1.0,1.0,1.0,1.5
τσοπανος ,2.0,3.0,1.0,1.0,1.0,1.5
τσουλουφι ,2.5,1.5,1.0,1.0,1.0,2.0
τσουρμο ,2.33,2.33,1.0,1.0,1.0,2.33
τσουτσεκι ,3.0,2.75,1.0,1.0,1.0,1.75
τυπικουρα ,2.33,2.33,1.0,1.0,1.0,2.0
τυπικουρας ,2.33,2.33,1.0,1.0,1.0,2.0
τυπολατρης ,1.33,2.67,1.0,1.0,1.0,2.33
τυποποιηση ,1.0,2.0,1.0,1.0,1.0,1.0
τυρογαλο ,2.0,2.5,1.0,1.0,1.0,1.75
τυφλα ,1.67,2.33,1.0,1.0,1.33,2.33
τυφλοσουρτης ,1.33,2.0,1.0,1.0,1.0,1.33
τυφλωνω ,1.25,2.5,1.0,2.0,1.75,1.5
τυχερακιας ,1.0,1.33,1.0,3.33,1.0,3.67
τυχερος ,1.0,1.33,1.0,3.0,1.0,3.33
τυχερουλης ,1.0,1.33,1.0,3.33,1.0,3.33
τυψη ,1.25,2.0,1.25,1.0,2.25,1.5
υβρις ,2.25,2.75,1.25,1.0,1.0,1.75
υμνος ,1.0,1.0,1.0,2.75,1.0,2.5
υπανδρος ,1.33,2.0,1.0,1.0,1.0,1.33
υπανθρωπος ,2.5,3.5,1.25,1.0,1.0,2.0
υπερηφανεια ,1.0,1.25,1.0,3.75,1.0,2.0
υπερηφανευομαι ,1.0,1.25,1.0,3.75,1.0,2.0
υπερηφανος ,1.0,1.25,1.0,3.75,1.0,2.25
υπερηφανη ,1.0,1.25,1.0,3.75,1.0,2.25
υπερηφανο ,1.0,1.25,1.0,3.75,1.0,2.25
υπεροχη ,1.0,1.0,1.0,2.5,1.0,2.25
υπερφιαλος ,1.75,2.5,1.0,1.0,1.0,2.0
υπερφιαλη ,1.75,2.5,1.0,1.0,1.0,2.0
υπερφιαλο ,1.75,2.5,1.0,1.0,1.0,2.0
υπευθυνος ,1.0,1.0,1.0,2.33,1.0,2.0
υπευθυνη ,1.0,1.0,1.0,2.33,1.0,2.0
υπευθυνο ,1.0,1.0,1.0,2.33,1.0,2.0
υπευθυνοτητα ,1.0,1.0,1.0,2.33,1.0,2.0
υπνηλια ,1.0,1.67,1.0,1.0,1.0,2.67
υποβαθρο ,1.0,1.0,1.0,2.0,1.0,2.0
υποδεχομαι ,1.0,1.0,1.0,3.0,1.0,2.5
υποκειμενο ,3.5,3.0,1.5,1.0,1.0,2.5
υποκρινομαι ,1.67,2.33,1.0,1.0,1.0,2.0
υποκριτης ,2.0,2.67,1.33,1.0,1.0,2.0
υπονοουμενο ,1.0,2.0,1.0,1.0,1.0,2.0
υποσταση ,1.0,1.0,1.0,1.0,1.0,1.0
υποφερω ,1.33,2.33,2.33,1.0,3.33,1.67
υποχρεωνω ,1.0,2.0,1.0,1.0,1.0,2.0
υποχρεωση ,1.0,2.0,1.0,1.0,1.0,2.0
υποχρεωτικος ,1.0,2.5,1.0,1.0,1.0,1.5
υποχρεωτικη ,1.0,2.5,1.0,1.0,1.0,1.5
υποχρεωτικο ,1.0,2.5,1.0,1.0,1.0,1.5
υποχωρω ,1.0,2.0,1.0,1.0,1.0,2.0
υστερια ,3.25,2.0,1.75,1.0,1.25,3.0
υψηλοφρων ,1.0,1.0,1.0,2.33,1.0,3.33
υψηλοφρον ,1.0,1.0,1.0,2.33,1.0,3.33
φακιδιαρης ,1.5,2.75,1.0,1.0,1.0,1.75
φανταζω ,1.0,1.0,1.0,2.67,1.0,3.0
φαρα ,3.25,2.5,1.0,1.0,1.0,1.75
φαρμακοτριφτης ,1.75,2.5,1.0,1.0,1.0,1.75
φασισταριο ,3.0,4.0,2.25,1.0,1.0,2.0
φασιστοειδης ,3.0,4.33,2.67,1.0,1.0,2.33
φασιστομουτρο ,3.0,4.0,2.25,1.0,1.0,2.0
φερεφωνο ,2.33,3.33,1.67,1.0,1.0,1.67
φθονος ,2.75,3.75,1.25,1.0,2.0,1.75
φθονω ,3.0,3.75,1.25,1.0,2.0,1.75
φιδι ,2.25,3.25,2.5,1.0,1.0,1.75
φιεστα ,1.67,2.33,1.0,3.0,1.0,2.33
φιλανθρωπια ,1.0,1.0,1.0,3.5,1.0,2.0
φιλανθρωπος ,1.0,1.0,1.0,2.67,1.0,1.67
φιλανθρωπη ,1.0,1.0,1.0,2.67,1.0,1.67
φιλανθρωπο ,1.0,1.0,1.0,2.67,1.0,1.67
φιλια ,1.0,1.0,1.0,3.5,1.0,1.75
φιλοαμερικανικος ,2.0,2.33,1.0,1.0,1.0,1.67
φιλοαμερικανικη ,2.0,2.33,1.0,1.0,1.0,1.67
φιλοαμερικανικο ,2.0,2.33,1.0,1.0,1.0,1.67
φιλοδωρω ,1.0,1.0,1.0,1.33,1.0,1.33
φιλολογιζων ,1.67,2.33,1.0,1.0,1.0,2.0
φιλοξενω ,1.0,1.0,1.0,3.0,1.0,2.0
φιλοπατρια ,1.0,1.0,1.0,2.75,1.0,2.0
φιλος ,1.0,1.0,1.0,3.25,1.0,1.75
φιλη ,1.0,1.0,1.0,3.25,1.0,1.75
φιλο ,1.0,1.0,1.0,3.25,1.0,1.75
φιλοτομαρισμος ,2.33,3.0,1.0,1.0,1.0,2.0
φιλοτομαριστης ,2.33,3.0,1.0,1.0,1.0,2.0
φιογκος ,2.25,2.75,1.0,1.0,1.0,1.75
φλεγμα ,1.5,2.25,1.0,1.0,1.0,1.5
φλεγματικος ,1.5,2.25,1.0,1.0,1.0,1.5
φλεγματικη ,1.5,2.25,1.0,1.0,1.0,1.5
φλεγματικο ,1.5,2.25,1.0,1.0,1.0,1.5
φλεγομαι ,3.0,2.0,1.0,2.33,1.0,2.0
φλογιζω ,2.0,1.5,1.0,2.0,1.0,1.5
φλογισμα ,2.0,1.5,1.0,2.0,1.0,1.5
φοβαμαι ,1.0,1.0,4.75,1.0,1.25,2.5
φοβος ,1.0,1.0,4.75,1.0,1.25,2.5
φοιτηταριο ,1.5,2.5,1.0,1.0,1.0,1.75
φοιτητοπατερας ,2.0,2.5,1.0,1.0,1.0,1.75
φοραδα ,3.0,3.5,1.0,1.0,1.0,2.25
φορτιζω ,2.0,2.33,1.67,1.67,1.67,2.67
φορτιο ,2.0,2.0,1.0,1.0,1.0,2.5
φορτιση ,2.0,2.0,1.5,1.5,1.5,2.0
φουκαρας ,1.25,2.0,1.0,1.0,2.5,1.75
φουκαρατζικος ,1.0,2.0,1.0,1.0,2.5,1.75
φουντωση ,2.25,2.25,1.5,1.5,1.5,2.5
φουσκοδεντρια ,1.0,1.67,1.0,1.0,1.0,2.0
φουσκωμαρα ,1.0,2.33,1.0,1.0,1.33,2.0
φουστανελα ,1.5,3.0,1.0,1.0,1.0,2.0
φραγκοπαπας ,2.0,2.5,1.0,1.0,1.0,1.75
φρεναπατη ,1.33,2.0,1.0,1.0,1.0,2.67
φρενιτιδα ,1.0,2.0,1.25,2.25,1.0,2.75
φρεσκαδα ,1.0,1.0,1.0,3.25,1.0,2.25
φρικη ,2.0,3.75,3.0,1.0,1.75,3.5
φρικιαζω ,2.0,3.75,3.0,1.0,2.0,3.0
φριττω ,1.75,3.75,2.25,1.0,2.0,3.75
φροκαλο ,2.25,3.25,1.0,1.0,1.0,2.0
φρονημα ,1.0,1.5,1.0,2.5,1.0,2.0
φρουτο ,2.0,2.33,1.0,1.0,1.0,2.33
φτου ,3.5,3.25,1.0,1.75,2.0,2.25
φτωχαδακι ,1.0,2.0,1.0,1.67,1.67,2.33
φτωχος ,1.67,2.33,1.0,1.0,1.67,1.67
φυλλαδα ,2.0,2.67,1.0,1.0,1.0,2.33
φωκια ,2.5,3.25,1.0,1.0,1.0,2.25
φωλιαζω ,1.5,2.5,1.5,1.5,1.0,1.5
φωστηρας ,2.33,3.0,1.0,1.67,1.0,2.33
φωτιζω ,1.33,1.67,1.0,2.67,1.0,2.67
φωτορομαντσο ,1.5,3.0,1.0,1.0,1.0,2.5
χαδι ,1.0,1.0,1.0,3.25,1.0,2.0
χαζοβιολα ,3.0,3.0,1.0,1.0,1.0,2.33
χαζοβιολης ,3.0,3.0,1.0,1.0,1.0,2.33
χαζοκουτι ,2.67,3.0,1.0,1.0,1.0,2.33
χαζοπουλι ,2.67,3.0,1.0,1.0,1.0,2.33
χαζουλιακας ,2.0,3.0,1.0,1.0,1.0,2.33
χαζοχαρουμενος ,2.33,3.0,1.0,1.0,1.0,2.33
χαιμαλι ,1.33,2.67,1.0,1.0,1.0,2.0
χαιρεκακια ,2.0,2.75,1.0,1.5,1.75,2.0
χαιρετημα ,1.0,1.67,1.0,1.0,1.0,1.67
χαιρετισμα ,1.0,1.67,1.0,1.0,1.0,1.67
χαιρετισμος ,1.0,2.5,1.0,1.0,1.0,2.0
χαιρετουρα ,1.33,2.33,1.0,1.0,1.0,2.33
χαιρομαι ,1.0,1.0,1.0,4.75,1.0,2.5
χαιτη ,1.0,2.5,1.0,2.0,1.0,3.0
χαλαζι ,1.0,2.0,1.5,1.0,1.0,2.5
χαλι ,2.5,3.75,2.0,1.0,2.5,2.25
χαμαλης ,2.25,2.5,1.0,1.0,1.75,1.75
χαμηλοβλεπουσα ,1.75,2.25,1.0,1.0,1.25,2.0
χαμογελω ,1.0,1.0,1.0,4.0,1.0,1.75
χαμομηλι ,1.0,2.0,1.0,1.0,1.0,1.0
χαμομηλο ,1.0,2.0,1.0,1.0,1.0,1.0
χαμουτζης ,1.75,2.5,1.0,1.0,1.0,1.75
χανι ,2.33,2.67,1.0,1.0,1.0,1.67
χαντουμης ,2.0,2.75,1.0,1.0,1.0,1.75
χαπακιας ,2.0,3.0,1.5,1.0,1.0,2.25
χαπιεντ ,1.0,1.25,1.0,3.75,1.0,2.0
χαρα ,1.0,1.0,1.0,4.5,1.0,2.25
χαρβαλο ,1.75,2.5,1.0,1.0,1.0,1.75
χαρεμι ,1.33,2.0,1.0,1.67,1.0,2.33
χαρη ,1.0,1.0,1.0,2.75,1.0,2.0
χαριζω ,1.0,1.0,1.0,2.67,1.0,2.0
χαριτοβρυτος ,1.5,2.0,1.0,1.5,1.0,1.25
χαρμολυπη ,1.0,1.5,1.0,4.0,3.5,1.75
χαρτοβαασιλειο ,1.0,2.33,1.0,1.0,1.0,2.0
χαρτοβασιλειο ,1.0,2.33,1.0,1.0,1.0,2.0
χαρτογιακας ,2.33,3.0,1.0,1.0,1.0,1.67
χαρτομανι ,1.67,2.33,1.0,1.0,1.0,2.0
χαρτομουτρο ,2.33,3.33,1.0,1.33,1.0,2.33
χαρτοπολεμος ,1.0,2.0,1.0,1.0,1.0,2.0
χασαπης ,3.33,3.0,2.33,1.0,1.0,2.0
χασικλας ,2.25,3.5,2.0,1.0,1.0,1.75
χασικλης ,2.25,3.5,2.0,1.0,1.0,1.75
χαχολος ,2.33,3.0,1.0,1.0,1.0,1.67
χεζας ,3.0,4.0,2.67,1.0,1.0,2.0
χεζου ,3.0,4.0,2.67,1.0,1.0,2.0
χειραγωγω ,1.33,2.67,2.0,1.0,1.0,1.33
χειροκροτητης ,1.75,2.75,1.0,1.0,1.0,1.25
χιλιακριβος ,1.0,1.0,1.0,3.75,1.0,2.25
χιουμορ ,1.0,1.25,1.0,3.75,1.0,3.0
χοντρελα ,2.0,3.5,1.0,1.0,1.0,2.0
χοντρομπαλαδικο ,1.5,3.0,1.0,1.0,1.0,1.75
χοντρομπαλας ,1.75,3.25,1.0,1.0,1.0,1.75
χοντρομπαλου ,1.75,3.25,1.0,1.0,1.0,1.75
χοντρομπαλουδικο ,1.5,3.0,1.0,1.0,1.25,1.75
χοντροπετσος ,2.0,2.5,1.0,1.0,1.0,2.0
χορευω ,1.0,1.0,1.0,4.33,1.0,2.67
χορταινω ,1.0,1.0,1.0,3.0,1.0,2.0
χορταστικος ,1.0,1.0,1.0,3.0,1.0,1.75
χορταστικη ,1.0,1.0,1.0,3.0,1.0,1.75
χορταστικο ,1.0,1.0,1.0,3.0,1.0,1.75
χρησιμοποιουμαι ,1.33,2.33,1.67,1.0,1.67,1.33
χρησιμοποιω ,1.0,1.5,1.5,2.0,1.0,1.0
χριζω ,1.0,1.0,1.0,2.0,1.0,1.0
χριω ,1.0,1.0,1.0,2.0,1.0,1.0
χρυσαφικο ,1.0,2.0,1.0,1.0,1.0,2.5
χρυσιο ,1.0,1.67,1.0,1.0,1.0,2.0
χρυσοκανθαρος ,2.0,2.5,1.0,1.0,1.0,1.5
χρωματιζω ,1.0,1.0,1.0,2.5,1.0,2.0
χτυπω ,2.33,1.0,1.67,1.0,1.0,2.0
χυδαισμος ,1.5,3.0,1.0,1.0,1.0,2.0
χυδαιστης ,1.75,3.0,1.0,1.0,1.25,2.0
χωριατακι ,1.5,2.25,1.0,1.0,1.25,1.75
χωριατης ,1.75,3.25,1.0,1.0,1.25,1.75
χωριατια ,1.75,3.5,1.0,1.0,1.0,1.75
χωριατικος ,1.5,3.5,1.0,1.0,1.0,2.0
χωριατισσα ,1.75,3.0,1.0,1.0,1.0,1.5
χωριατομανι ,1.5,3.25,1.0,1.0,1.0,1.75
ψαρι ,1.67,2.33,2.0,1.0,1.0,2.33
ψαροκασελα ,2.33,3.33,1.0,1.0,1.0,2.33
ψειρα ,1.67,3.0,1.0,1.0,1.0,2.0
ψειριαρης ,1.75,3.5,1.25,1.0,1.0,1.75
ψευδαισθηση ,1.0,2.33,1.0,1.0,1.0,2.67
ψευδαισθησια ,1.0,2.33,1.0,1.0,1.0,2.67
ψευδαισθητικος ,1.0,2.33,1.0,1.0,1.0,2.67
ψευδαισθητικη ,1.0,2.33,1.0,1.0,1.0,2.67
ψευδαισθητικο ,1.0,2.33,1.0,1.0,1.0,2.67
ψευτοκουλτουριαρης ,1.5,2.5,1.0,1.0,1.0,2.0
ψηλωνω ,1.0,1.0,1.0,3.33,1.0,3.0
ψιλικατζης ,1.25,2.25,1.0,1.0,1.0,1.5
ψιλικατζιδικο ,1.0,1.0,1.0,1.0,1.0,1.0
ψιλικατζου ,1.25,2.25,1.0,1.0,1.0,1.5
ψιμυθιο ,1.5,2.0,1.0,1.0,1.0,1.5
ψοφολογω ,2.0,2.75,1.0,1.0,1.0,2.0
ψυλλιαζομαι ,1.67,1.67,1.0,1.0,1.0,1.67
ψυχακιας ,2.67,3.0,2.0,1.0,1.33,3.0
ψυχανεμιζομαι ,1.0,2.0,1.0,1.0,1.0,1.0
ψυχανωμαλος ,2.67,4.0,2.67,1.0,1.33,3.0
ψυχεδελεια ,1.0,1.0,1.0,3.33,1.0,3.67
ψυχεδελικος ,1.0,1.0,1.0,3.33,1.0,3.67
ψυχεδελικη ,1.0,1.0,1.0,3.33,1.0,3.67
ψυχεδελικο ,1.0,1.0,1.0,3.33,1.0,3.67
ψυχη ,1.0,1.0,1.0,4.0,1.0,4.5
ψυχολογια ,1.0,1.0,1.0,2.0,1.5,2.5
ψυχολογος ,1.0,2.5,1.0,2.0,1.0,2.5
ψυχολογω ,1.0,1.0,1.0,1.0,1.0,1.0
ψυχοπλακωμα ,1.0,1.75,1.25,1.0,4.25,2.25
ψυχοπλακωνω ,1.0,1.75,1.25,1.0,4.25,2.25
ψυχοπονω ,1.0,1.25,1.0,1.0,3.25,1.0
ψυχρος ,1.25,2.0,1.5,1.0,1.75,1.5
ψυχρη ,1.25,2.0,1.5,1.0,1.75,1.5
ψυχρο ,1.25,2.0,1.5,1.0,1.75,1.5
ψυχροτητα ,1.25,2.0,2.0,1.0,2.0,1.5
ψωλαρας ,4.0,4.0,1.0,2.0,1.0,3.0
ψωλη ,3.67,4.0,1.0,1.67,1.0,4.0
ψωμι ,1.0,1.0,1.0,1.0,1.0,1.0
ψωμολυσσα ,1.67,3.33,1.0,1.0,2.33,2.67
ψωναρα ,2.25,3.0,1.0,1.0,1.0,2.5
ψωνιο ,2.0,2.75,1.0,1.0,1.0,2.25
ψωνισμενος ,2.25,2.75,1.0,1.0,1.0,2.25
ψωριαρης ,2.0,3.25,1.0,1.0,1.5,1.75
ψωριλας ,2.0,3.75,1.0,1.0,1.75,2.0
ψωριλος ,2.0,3.75,1.0,1.0,1.75,2.0
ψωροκακομοιρος ,1.75,2.75,1.0,1.0,2.0,2.25
ψωροκακομοιρη ,1.75,2.75,1.0,1.0,2.0,2.25
ψωροκακομοιρο ,1.75,2.75,1.0,1.0,2.0,2.25
ψωροπερηφανος ,2.0,2.5,1.0,1.0,1.0,2.0
ψωροφιλοτιμος ,2.0,2.75,1.0,1.0,1.0,2.0
ωμος ,1.67,3.0,1.0,1.0,1.0,1.33
ωμη ,1.67,3.0,1.0,1.0,1.0,1.33
ωμο ,1.67,3.0,1.0,1.0,1.0,1.33
ωραιος ,1.0,1.0,1.0,3.75,1.0,2.75
ωραια ,1.0,1.0,1.0,3.33,1.0,2.33
ωραιο ,1.0,1.0,1.0,3.33,1.0,2.33
ωρυομαι ,4.75,2.25,1.25,1.0,1.25,2.25
ωσαν ,1.0,1.0,1.0,1.0,1.0,1.0
ωτακουστης ,2.0,3.0,1.0,1.0,1.0,1.5
ωχριω ,2.0,1.67,2.0,1.0,2.0,3.0